-- phpMyAdmin SQL Dump
-- version 5.2.1
-- https://www.phpmyadmin.net/
--
-- Host: 127.0.0.1
-- Generation Time: Apr 19, 2026 at 09:02 PM
-- Server version: 10.4.32-MariaDB
-- PHP Version: 8.2.12

SET SQL_MODE = "NO_AUTO_VALUE_ON_ZERO";
START TRANSACTION;
SET time_zone = "+00:00";


/*!40101 SET @OLD_CHARACTER_SET_CLIENT=@@CHARACTER_SET_CLIENT */;
/*!40101 SET @OLD_CHARACTER_SET_RESULTS=@@CHARACTER_SET_RESULTS */;
/*!40101 SET @OLD_COLLATION_CONNECTION=@@COLLATION_CONNECTION */;
/*!40101 SET NAMES utf8mb4 */;

--
-- Database: `cooks_db`
--

-- --------------------------------------------------------

--
-- Table structure for table `challenges`
--

CREATE TABLE `challenges` (
  `id` int(11) NOT NULL,
  `title` varchar(255) NOT NULL,
  `description` text DEFAULT NULL,
  `emoji` varchar(10) DEFAULT NULL,
  `participants_count` int(11) DEFAULT 0,
  `end_date` date DEFAULT NULL,
  `created_at` timestamp NOT NULL DEFAULT current_timestamp()
) ENGINE=InnoDB DEFAULT CHARSET=utf8mb4 COLLATE=utf8mb4_unicode_ci;

-- --------------------------------------------------------

--
-- Table structure for table `community_posts`
--

CREATE TABLE `community_posts` (
  `id` int(11) NOT NULL,
  `user_id` int(11) NOT NULL,
  `content` text NOT NULL,
  `image_url` varchar(255) DEFAULT NULL,
  `likes_count` int(11) DEFAULT 0,
  `created_at` timestamp NOT NULL DEFAULT current_timestamp()
) ENGINE=InnoDB DEFAULT CHARSET=utf8mb4 COLLATE=utf8mb4_unicode_ci;

-- --------------------------------------------------------

--
-- Table structure for table `fridge_items`
--

CREATE TABLE `fridge_items` (
  `id` int(11) NOT NULL,
  `user_id` int(11) NOT NULL,
  `ingredient_name` varchar(100) NOT NULL,
  `category` varchar(50) DEFAULT NULL,
  `added_at` timestamp NOT NULL DEFAULT current_timestamp()
) ENGINE=InnoDB DEFAULT CHARSET=utf8mb4 COLLATE=utf8mb4_unicode_ci;

-- --------------------------------------------------------

--
-- Table structure for table `meal_plans`
--

CREATE TABLE `meal_plans` (
  `user_id` int(11) NOT NULL,
  `recipe_id` int(11) NOT NULL,
  `plan_date` date NOT NULL
) ENGINE=InnoDB DEFAULT CHARSET=utf8mb4 COLLATE=utf8mb4_unicode_ci;

-- --------------------------------------------------------

--
-- Table structure for table `recipes`
--

CREATE TABLE `recipes` (
  `id` int(11) NOT NULL,
  `user_id` int(11) DEFAULT NULL,
  `title` varchar(255) NOT NULL,
  `story` text DEFAULT NULL,
  `country` varchar(100) DEFAULT NULL,
  `level` enum('Beginner','Intermediate','Advanced') DEFAULT 'Beginner',
  `prep_time` varchar(50) DEFAULT NULL,
  `category` varchar(50) DEFAULT NULL,
  `image_url` varchar(255) DEFAULT NULL,
  `servings` int(11) DEFAULT 4,
  `is_heritage` tinyint(1) DEFAULT 0,
  `created_at` timestamp NOT NULL DEFAULT current_timestamp()
) ENGINE=InnoDB DEFAULT CHARSET=utf8mb4 COLLATE=utf8mb4_unicode_ci;

--
-- Dumping data for table `recipes`
--

INSERT INTO `recipes` (`id`, `user_id`, `title`, `story`, `country`, `level`, `prep_time`, `category`, `image_url`, `servings`, `is_heritage`, `created_at`) VALUES
(1, NULL, 'أزورتما على طريقة أوسو بوكو', '', '', '', 'تحضير: 45 دقيقة | طهي: PT60M', 'arabic', 'https://v-genius.fatafeat.com/storage/recipes/150111080459449.jpg', 4, 0, '2026-04-17 21:15:21'),
(2, NULL, 'قشطالية مع الموز المكرمل والآيس كريم وقطر الكراميل', '', '', '', 'تحضير: 45 دقيقة | طهي: PT30M', 'arabic', 'https://v-genius.fatafeat.com/storage/recipes/Kashtaliya_with_Caramelized_Bananas_976962.jpg/r/800/Kashtaliya_with_Caramelized_Bananas_976962.jpg', 4, 0, '2026-04-17 21:15:21'),
(3, NULL, 'أصابع السمك المقرمشة', '', '', '', 'تحضير: 45 دقيقة | طهي: PTM', 'arabic', 'https://v-genius.fatafeat.com/storage/videos/1711004452121750752.jpg', 4, 0, '2026-04-17 21:15:21'),
(4, NULL, 'برجر الجمبري', '', '', '', 'تحضير: 45 دقيقة | طهي: PTM', 'arabic', 'https://v-genius.fatafeat.com/storage/videos/16591270011144638260.jpg', 4, 0, '2026-04-17 21:15:21'),
(5, NULL, 'جيوب خبز البيتا بشرائح الزعتر المقلية بالقلاية الهوائية', '', '', '', 'تحضير: 45 دقيقة | طهي: PTM', 'arabic', 'https://v-genius.fatafeat.com/storage/videos/18553943481449175775.jpg', 4, 0, '2026-04-17 21:15:21'),
(6, NULL, 'طبق الحمص مع قطع تمبورا ناجتس', '', '', '', '45 دقيقة', 'arabic', 'https://v-genius.fatafeat.com/storage/videos/3213832931274483692.jpg', 4, 0, '2026-04-17 21:15:21'),
(7, NULL, 'سحور دجاج مقلي ريفي مع جبنة حلومي', '', '', '', 'تحضير: 45 دقيقة | طهي: PTM', 'arabic', 'https://v-genius.fatafeat.com/storage/videos/14551329001705294481.jpg', 4, 0, '2026-04-17 21:15:21'),
(8, NULL, 'دجاج تندر بالأعشاب وصلصة الزبادي لرمضان', '', '', '', 'تحضير: 45 دقيقة | طهي: PTM', 'arabic', 'https://v-genius.fatafeat.com/storage/videos/1568799389189054675.jpg', 4, 0, '2026-04-17 21:15:21'),
(9, NULL, 'كرات اللحم بصلصة الطحينة والليمون الخفيفة', '', '', '', '45 دقيقة', 'arabic', 'https://v-genius.fatafeat.com/storage/videos/6636355521075532566.jpg', 4, 0, '2026-04-17 21:15:21'),
(10, NULL, 'فتة الكباب للسحور', '', '', '', 'تحضير: 45 دقيقة | طهي: PTM', 'arabic', 'https://v-genius.fatafeat.com/storage/videos/502157148115455162.jpg', 4, 0, '2026-04-17 21:15:21'),
(11, NULL, 'شكشوكة فلافل للسحور', '', '', '', 'تحضير: 45 دقيقة | طهي: PTM', 'arabic', 'https://v-genius.fatafeat.com/storage/videos/452794465148469841.jpg', 4, 0, '2026-04-17 21:15:21'),
(12, NULL, 'طبق كفتة برجر لحم كريفز', '', '', '', 'تحضير: 45 دقيقة | طهي: PTM', 'arabic', 'https://v-genius.fatafeat.com/storage/videos/928943464102281224.jpg', 4, 0, '2026-04-17 21:15:21'),
(13, NULL, 'مسخن دجاج زينجز فيليه على الطريقة العربية', '', '', '', 'تحضير: 45 دقيقة | طهي: PTM', 'arabic', 'https://v-genius.fatafeat.com/storage/videos/4265781972026728726.jpg', 4, 0, '2026-04-17 21:15:21'),
(14, NULL, 'تالياتيلي بالثوم والكريمة مع روبيان زينجز المقلي', '', '', '', 'تحضير: 45 دقيقة | طهي: PTM', 'arabic', 'https://v-genius.fatafeat.com/storage/videos/2089593796821781365.jpg', 4, 0, '2026-04-17 21:15:21'),
(15, NULL, 'صينية دجاج بالزبدة مع قطع تمبورا ناجتس', '', '', '', 'تحضير: 45 دقيقة | طهي: PTM', 'arabic', 'https://v-genius.fatafeat.com/storage/videos/6506409721223743882.jpg', 4, 0, '2026-04-17 21:15:21'),
(16, NULL, 'طاجين كرات اللحم مع الطماطم والأرز', '', '', '', 'تحضير: 45 دقيقة | طهي: PTM', 'arabic', 'https://v-genius.fatafeat.com/storage/videos/201321798149650757.jpg', 4, 0, '2026-04-17 21:15:21'),
(17, NULL, 'كفتة مخبوزه على طريقة كباب مع الخضار', '', '', '', 'تحضير: 45 دقيقة | طهي: PTM', 'arabic', 'https://v-genius.fatafeat.com/storage/videos/3272526732094421137.jpg', 4, 0, '2026-04-17 21:15:21'),
(18, NULL, 'برياني الدجاج المقرمش بالفرن', '', '', '', 'تحضير: 45 دقيقة | طهي: PTM', 'arabic', 'https://v-genius.fatafeat.com/storage/videos/217587701103540066.jpg', 4, 0, '2026-04-17 21:15:21'),
(19, NULL, 'صينية كفتة برجر كريفز', '', '', '', 'تحضير: 45 دقيقة | طهي: PTM', 'arabic', 'https://v-genius.fatafeat.com/storage/videos/252357586682692178.jpg', 4, 0, '2026-04-17 21:15:21'),
(20, NULL, 'طاجن أرز مع برجر دجاج مقلي على الطريقة الريفية', '', '', '', 'تحضير: 45 دقيقة | طهي: PTM', 'arabic', 'https://v-genius.fatafeat.com/storage/videos/1858273237423636016.jpg', 4, 0, '2026-04-17 21:15:21'),
(21, NULL, 'طبق مندي بالأرز مع شرائح مقرمشات الخضار بالقلاية الهوائية', '', '', '', 'تحضير: 45 دقيقة | طهي: PTM', 'arabic', 'https://v-genius.fatafeat.com/storage/videos/774325377204860852.jpg', 4, 0, '2026-04-17 21:15:21'),
(22, NULL, 'مسخن سبرينغ رولز من زينغز', '', '', '', 'تحضير: 45 دقيقة | طهي: PTM', 'arabic', 'https://v-genius.fatafeat.com/storage/videos/3472641441054113459.jpg', 4, 0, '2026-04-17 21:15:21'),
(23, NULL, 'قوارب خس مع روبيان زينجز المقلي', '', '', '', '45 دقيقة', 'arabic', 'https://v-genius.fatafeat.com/storage/videos/12276115921976849215.jpg', 4, 0, '2026-04-17 21:15:21'),
(24, NULL, 'أكواب فييستا وشرائح إكستريم ستريبس', '', '', '', 'تحضير: 45 دقيقة | طهي: PTM', 'arabic', 'https://v-genius.fatafeat.com/storage/videos/63201582581855412.jpg', 4, 0, '2026-04-17 21:15:21'),
(25, NULL, 'أكواب فيلو ديناميت تمبورا ناجتس', '', '', '', 'تحضير: 45 دقيقة | طهي: PTM', 'arabic', 'https://v-genius.fatafeat.com/storage/videos/120032582991679260.jpg', 4, 0, '2026-04-17 21:15:21'),
(26, NULL, 'شرائح الدجاج المقلية بالقلاية الهوائية ومتبلة بتوابل رمضان مع صلصة الرمان', '', '', '', '45 دقيقة', 'arabic', 'https://v-genius.fatafeat.com/storage/recipes/placeholder.png', 4, 0, '2026-04-17 21:15:21'),
(27, NULL, 'سمبوسك صغيرة باللحم المفروم المتبل', '', '', '', 'تحضير: 45 دقيقة | طهي: PTM', 'arabic', 'https://v-genius.fatafeat.com/storage/videos/18214136621428031510.jpg', 4, 0, '2026-04-17 21:15:21'),
(28, NULL, 'أكواب فتة الكباب الصغيرة', '', '', '', '45 دقيقة', 'arabic', 'https://v-genius.fatafeat.com/storage/videos/341246634930051682.jpg', 4, 0, '2026-04-17 21:15:21'),
(29, NULL, 'أسياخ روبيان جامبو بالثوم والليمون', '', '', '', 'تحضير: 45 دقيقة | طهي: PTM', 'arabic', 'https://v-genius.fatafeat.com/storage/videos/1782690469101826326.jpg', 4, 0, '2026-04-17 21:15:21'),
(30, NULL, 'ناتشوز فلافل رمضان مع صلصة الطحينة', '', '', '', 'تحضير: 45 دقيقة | طهي: PTM', 'arabic', 'https://v-genius.fatafeat.com/storage/videos/433481302285038767.jpg', 4, 0, '2026-04-17 21:15:21'),
(31, NULL, 'ساندوتشات كفتة لحم كريفز الصغيرة مع صلصة الطحينة', '', '', '', 'تحضير: 45 دقيقة | طهي: PTM', 'arabic', 'https://v-genius.fatafeat.com/storage/videos/402095841225277878.jpg', 4, 0, '2026-04-17 21:15:21'),
(32, NULL, 'نجمة كرات اللحم', '', '', '', 'تحضير: 45 دقيقة | طهي: PTM', 'arabic', 'https://v-genius.fatafeat.com/storage/videos/1638289746219896261.jpg', 4, 0, '2026-04-17 21:15:21'),
(33, NULL, 'دجاج ستربس بالعسل والسمسم', '', '', '', 'تحضير: 45 دقيقة | طهي: PTM', 'arabic', 'https://v-genius.fatafeat.com/storage/videos/10414078092116281334.jpg', 4, 0, '2026-04-17 21:15:21'),
(34, NULL, 'نودلز بالجمبري', '', '', '', 'تحضير: 45 دقيقة | طهي: PTM', 'arabic', 'https://v-genius.fatafeat.com/storage/videos/5599651275198005.jpg', 4, 0, '2026-04-17 21:15:21'),
(35, NULL, 'سويت آند ساور جمبري', '', '', '', 'تحضير: 45 دقيقة | طهي: PTM', 'arabic', 'https://v-genius.fatafeat.com/storage/videos/6048402141716196241.jpg', 4, 0, '2026-04-17 21:15:21'),
(36, NULL, 'باو تشكن', '', '', '', 'تحضير: 45 دقيقة | طهي: PTM', 'arabic', 'https://v-genius.fatafeat.com/storage/videos/331238391604486885.jpg', 4, 0, '2026-04-17 21:15:21'),
(37, NULL, 'الحواوشي', '', '', '', 'تحضير: 45 دقيقة | طهي: PTM', 'arabic', 'https://v-genius.fatafeat.com/storage/videos/9924238842093684567.jpg', 4, 0, '2026-04-17 21:15:21'),
(38, NULL, 'شوربة توم يوم بالجمبري', '', '', '', 'تحضير: 45 دقيقة | طهي: PTM', 'arabic', 'https://v-genius.fatafeat.com/storage/videos/6012014341855937728.jpg', 4, 0, '2026-04-17 21:15:21'),
(39, NULL, 'صينية الكباب بالطماطم والطحينة', '', '', '', 'تحضير: 45 دقيقة | طهي: PTM', 'arabic', 'https://v-genius.fatafeat.com/storage/videos/112373329125754699.jpg', 4, 0, '2026-04-17 21:15:21'),
(40, NULL, 'زبادي مثلجة بفيمتو روز', '', '', '', 'تحضير: 45 دقيقة | طهي: PTM', 'arabic', 'https://v-genius.fatafeat.com/storage/videos/4001158712036073473.jpg', 4, 0, '2026-04-17 21:15:21'),
(41, NULL, 'مهلبية حليب بالتمر وفيمتو روز (أكواب ليالي بطابع رمضاني)', '', '', '', 'تحضير: 45 دقيقة | طهي: PTM', 'arabic', 'https://v-genius.fatafeat.com/storage/videos/1870214358882091819.jpg', 4, 0, '2026-04-17 21:15:21'),
(42, NULL, 'فيليه السمك بالفطر والسبانخ', '', '', '', 'تحضير: 45 دقيقة | طهي: PTM', 'arabic', 'https://v-genius.fatafeat.com/storage/videos/21465857971214191089.jpg', 4, 0, '2026-04-17 21:15:21'),
(43, NULL, 'كبسة الدجاج بالماسالا', '', '', '', 'تحضير: 45 دقيقة | طهي: PTM', 'arabic', 'https://v-genius.fatafeat.com/storage/recipes/butter5_755417.png/r/800/butter5_755417.png', 4, 0, '2026-04-17 21:15:21'),
(44, NULL, 'أرز بالخضار على الطريقة المتوسطية مع الحمص', '', '', '', 'تحضير: 45 دقيقة | طهي: PTM', 'arabic', 'https://v-genius.fatafeat.com/storage/recipes/butter4_966437.png/r/800/butter4_966437.png', 4, 0, '2026-04-17 21:15:21'),
(45, NULL, 'بوكِيه الروبيان المطهو', '', '', '', 'تحضير: 45 دقيقة | طهي: PTM', 'arabic', 'https://v-genius.fatafeat.com/storage/recipes/butter3_433781.png/r/800/butter3_433781.png', 4, 0, '2026-04-17 21:15:21'),
(46, NULL, 'دجاج مع الأرز الشهي في قدر واحد', '', '', '', 'تحضير: 45 دقيقة | طهي: PTM', 'arabic', 'https://v-genius.fatafeat.com/storage/recipes/butter2_427507.png/r/800/butter2_427507.png', 4, 0, '2026-04-17 21:15:21'),
(47, NULL, 'بودينغ الارز بالزعفران والورد', '', '', '', 'تحضير: 45 دقيقة | طهي: PTM', 'arabic', 'https://v-genius.fatafeat.com/storage/recipes/butter1_910567.png/r/800/butter1_910567.png', 4, 0, '2026-04-17 21:15:21'),
(48, NULL, 'مجبوس موزات اللحم', '', '', '', 'تحضير: 45 دقيقة | طهي: PTM', 'arabic', 'https://v-genius.fatafeat.com/storage/recipes/butter6_724190.png/r/800/butter6_724190.png', 4, 0, '2026-04-17 21:15:21'),
(49, NULL, 'يخنة الجمبري مع الأرز', '', '', '', 'تحضير: 45 دقيقة | طهي: PTM', 'arabic', 'https://v-genius.fatafeat.com/storage/videos/16900657951925580413.jpg', 4, 0, '2026-04-17 21:15:21'),
(50, NULL, 'كنافة بالكريمة والتمر', '', '', '', 'تحضير: 45 دقيقة | طهي: PTM', 'arabic', 'https://v-genius.fatafeat.com/storage/videos/733697513821768395.jpg', 4, 0, '2026-04-17 21:15:21');

-- --------------------------------------------------------

--
-- Table structure for table `recipe_ingredients`
--

CREATE TABLE `recipe_ingredients` (
  `id` int(11) NOT NULL,
  `recipe_id` int(11) NOT NULL,
  `name` varchar(255) NOT NULL,
  `amount` varchar(50) DEFAULT NULL,
  `unit` varchar(50) DEFAULT NULL
) ENGINE=InnoDB DEFAULT CHARSET=utf8mb4 COLLATE=utf8mb4_unicode_ci;

--
-- Dumping data for table `recipe_ingredients`
--

INSERT INTO `recipe_ingredients` (`id`, `recipe_id`, `name`, `amount`, `unit`) VALUES
(1, 1, '100جرام زبدة', '', ''),
(2, 1, '2ملعقة كبيرة زيت كانولا', '', ''),
(3, 1, '1كيلوجرام موزات لحم الضأن', '', ''),
(4, 1, '1/4كوب بصل الشالوت', '', ''),
(5, 1, '2ملعقة كبيرة معجون الطماطم', '', ''),
(6, 1, '2 1/2لتر عصير طماطم', '', ''),
(7, 1, '1لتر مرق لحم الضأن', '', ''),
(8, 1, 'ملح', '', ''),
(9, 1, '1ملعقة صغيرة دقة الزعتر الحلبي', '', ''),
(10, 1, '1كوب جزر', '', ''),
(11, 1, '1كوب بصل', '', ''),
(12, 1, '1/2كوب مرق لحم الضأن', '', ''),
(13, 1, '2ملعقة كبيرة زبدة', '', ''),
(14, 1, '2ملعقة صغيرة سكر', '', ''),
(15, 1, 'ملح', '', ''),
(16, 1, 'حبة ليمون', '', ''),
(17, 1, '1فص ثوم', '', ''),
(18, 1, '2ملعقة كبيرة بقدونس', '', ''),
(19, 1, '1ملعقة طعام نعناع', '', ''),
(20, 1, '4شرائح أنشوجة', '', ''),
(21, 1, '2كوب أرز بسمتي', '', ''),
(22, 1, '100جرام زبدة', '', ''),
(23, 1, '1حبة بصل الشالوت', '', ''),
(24, 1, 'ملح', '', ''),
(25, 1, '2جرام زعفران', '', ''),
(26, 1, '3كوب مرق لحم الضأن', '', ''),
(27, 2, '2حبة موز', '', ''),
(28, 2, '3ملاعق زبد', '', ''),
(29, 2, '0 آيس كريم فانيليا', '', ''),
(30, 2, '3أكواب ماء', '', ''),
(31, 2, '1كوب حليب بودرة', '', ''),
(32, 2, '1/2كوب نشاء', '', ''),
(33, 2, '1/2ملعقة مستكة', '', ''),
(34, 2, '0 قطر كراميل', '', ''),
(35, 3, 'زيت بحسب الحاجة للقلي', '', ''),
(36, 3, '300 جرام فيليه سمك، مقطّع بالطول لشرائط', '', ''),
(37, 3, '1كوب بقسماط آسيوي (بانكو)', '', ''),
(38, 3, '2 حبة بيض', '', ''),
(39, 3, '1/2 كوب طحين', '', ''),
(40, 3, 'البهارات: ملح، فلفل أسود، بودرة البصل، بهارات مشكّلة، بابريكا، كمون', '', ''),
(41, 3, '1 حبة ليمون مقطّعة إلى حزوز', '', ''),
(42, 4, '300 جرام جمبري', '', ''),
(43, 4, '1/2 كوب بقسماط', '', ''),
(44, 4, 'البهارات: بابريكا، ملح، فلفل أسود، بهارات مشكّلة', '', ''),
(45, 4, '2 ملعقة كبيرة بقدونس مفروم', '', ''),
(46, 4, '1 ملعقة كبيرة عصير ليمون', '', ''),
(47, 4, '1 فص ثوم مهروس', '', ''),
(48, 4, '40جرام جبنة شيدر مبشورة', '', ''),
(49, 4, '40جرام جبنة موتزاريلا مبشورة', '', ''),
(50, 4, '1/2 حبة فلفل هالابينو صغير', '', ''),
(51, 4, '2 ملعقة صغيرة صلصة التارتار', '', ''),
(52, 4, '2 خبزة برجر', '', ''),
(53, 4, 'خس وطماطم للتقديم', '', ''),
(54, 5, 'شرائح البيتا المقلية بالهواء من أمريكانا', '', ''),
(55, 5, 'كوب واحد من اللبنة', '', ''),
(56, 5, 'ملعقة كبيرة من زيت الزيتون', '', ''),
(57, 5, 'ملعقة كبيرة من الزعتر', '', ''),
(58, 5, '1/2 ملعقة صغيرة من النعناع المجفف', '', ''),
(59, 5, 'حبة خيار صغيرة مقطعة إلى شرائح', '', ''),
(60, 5, 'حبة طماطم مقطعة إلى شرائح رفيعة', '', ''),
(61, 5, 'أوراق نعناع طازجة', '', ''),
(62, 5, 'خس', '', ''),
(63, 5, 'خبز بيتا عربي', '', ''),
(64, 5, 'رشة سماق', '', ''),
(65, 5, 'زيت زيتون إضافي', '', ''),
(66, 6, 'قطع تمبورا ناجتس أمريكانا', '-', ''),
(67, 6, 'كوب واحد من الحمص', '-', ''),
(68, 6, 'كوب من الحمص المطبوخ', '1/2', ''),
(69, 6, 'ملعقة كبيرة من زيت الفلفل الحار', '-', ''),
(70, 6, 'ملعقة كبيرة من زيت الزيتون', '-', ''),
(71, 6, 'رشة من البابريكا أو السماق', '-', ''),
(72, 6, 'بقدونس مفروم', '-', ''),
(73, 6, 'شرائح ليمون', '-', ''),
(74, 6, '• قطع خبز محمص أو رقائق بيتا', '-', ''),
(75, 6, 'اختياري: مخلل، طماطم كرزية، أو زيتون للتزيين', '-', ''),
(76, 6, '1 • اطبخي قطع تمبورا ناجتس الأمريكية حتى تصبح مقرمشة وذهبية اللون؛ ثم ضعيها جانبًا.', '', ''),
(77, 6, '2 • سخني الحمص المطبوخ قليلًا مع رشة من زيت الزيتون ورشة من البابريكا أو السماق.', '', ''),
(78, 6, '3 • وزعي الحمص بسخاء في وعاء مسطح، واصنعي حفرة صغيرة في المنتصف.', '', ''),
(79, 6, '4 • ضعي الحمص الدافئ فوق الحمص.', '', ''),
(80, 6, '5 • أضيفي قطع الدجاج المقرمشة على الوجه، ورتّبيها بعناية.', '', ''),
(81, 6, '6 • رشي القليل من زيت الفلفل الحار على الطبق لإضفاء اللون والنكهة الحارة.', '', ''),
(82, 6, '7 • زيّني الطبق بالبقدونس المفروم وعصير الليمون الطازج.', '', ''),
(83, 6, '8 • أضيفي المخللات أو الزيتون أو الطماطم الكرزية على الأطراف حسب الرغبة.', '', ''),
(84, 6, '9 • قدّميه مع قطع الخبز المحمص أو رقائق البيتا.', '', ''),
(85, 6, 'قطع تمبورا ناجتس أمريكانا', '-', ''),
(86, 6, 'قطع تمبورا ناجتس أمريكانا', '-', ''),
(87, 6, 'كوب واحد من الحمص', '-', ''),
(88, 6, 'كوب من الحمص المطبوخ', '1/2', ''),
(89, 6, 'ملعقة كبيرة من زيت الفلفل الحار', '-', ''),
(90, 6, 'ملعقة كبيرة من زيت الزيتون', '-', ''),
(91, 6, 'رشة من البابريكا أو السماق', '-', ''),
(92, 6, 'بقدونس مفروم', '-', ''),
(93, 6, 'شرائح ليمون', '-', ''),
(94, 6, '• قطع خبز محمص أو رقائق بيتا', '-', ''),
(95, 6, 'اختياري: مخلل، طماطم كرزية، أو زيتون للتزيين', '-', ''),
(96, 6, '1 • اطبخي قطع تمبورا ناجتس الأمريكية حتى تصبح مقرمشة وذهبية اللون؛ ثم ضعيها جانبًا.', '', ''),
(97, 6, '2 • سخني الحمص المطبوخ قليلًا مع رشة من زيت الزيتون ورشة من البابريكا أو السماق.', '', ''),
(98, 6, '3 • وزعي الحمص بسخاء في وعاء مسطح، واصنعي حفرة صغيرة في المنتصف.', '', ''),
(99, 6, '4 • ضعي الحمص الدافئ فوق الحمص.', '', ''),
(100, 6, '5 • أضيفي قطع الدجاج المقرمشة على الوجه، ورتّبيها بعناية.', '', ''),
(101, 6, '6 • رشي القليل من زيت الفلفل الحار على الطبق لإضفاء اللون والنكهة الحارة.', '', ''),
(102, 6, '7 • زيّني الطبق بالبقدونس المفروم وعصير الليمون الطازج.', '', ''),
(103, 6, '8 • أضيفي المخللات أو الزيتون أو الطماطم الكرزية على الأطراف حسب الرغبة.', '', ''),
(104, 6, '9 • قدّميه مع قطع الخبز المحمص أو رقائق البيتا.', '', ''),
(105, 7, 'برجر دجاج مقلي ريفي من أمريكانا', '', ''),
(106, 7, 'شرائح جبنة حلومي مشوية', '', ''),
(107, 7, 'شرائح خيار', '', ''),
(108, 7, 'شرائح طماطم', '', ''),
(109, 7, 'أوراق نعناع طازجة أو خس لإضافة قرمشة', '', ''),
(110, 7, 'مايونيز بالثوم أو مايونيز خفيف', '', ''),
(111, 7, 'خبز صاج', '', ''),
(112, 7, 'زبدة للتحميص', '', ''),
(113, 8, 'قطع دجاج طرية من أمريكانا', '', ''),
(114, 8, '1/2 كوب زبادي', '', ''),
(115, 8, 'ملعقة كبيرة زيت زيتون', '', ''),
(116, 8, 'ملعقة صغيرة مسحوق ثوم', '', ''),
(117, 8, 'ملعقة صغيرة نعناع مجفف', '', ''),
(118, 8, '1/2 ملعقة صغيرة سماق', '', ''),
(119, 8, 'ملح وفلفل أسود', '', ''),
(120, 8, 'بقدونس طازج', '', ''),
(121, 8, 'رشة زيت زيتون', '', ''),
(122, 9, 'كرات لحم أمريكانا', '-', ''),
(123, 9, 'كوب طحينة', '1/2', ''),
(124, 9, 'عصير ليمونة واحدة', '-', ''),
(125, 9, 'كوب ماء دافئ', '1/2', ''),
(126, 9, 'فص ثوم مفروم', '-', ''),
(127, 9, 'ملح وفلفل أسود', '-', ''),
(128, 9, '• ملعقة صغيرة كمون', '-', ''),
(129, 9, '• صنوبر', '-', ''),
(130, 9, 'حفنة من الطماطم الكرزية (كاملة أو مقطعة إلى نصفين)', '-', ''),
(131, 9, 'بقدونس طازج مفروم', '-', ''),
(132, 9, 'زيت زيتون للرش', '-', ''),
(133, 9, 'اختياري: صنوبر محمص للتزيين', '-', ''),
(134, 9, 'قطع خبز عربي محمص للتقديم', '-', ''),
(135, 9, '1 • تُطهى كرات لحم أمريكانا في مقلاة مع القليل من زيت الزيتون حتى تتحمر من جميع الجوانب.', '', ''),
(136, 9, '2 • في وعاء، يُخفق الطحينة وعصير الليمون والماء الدافئ والثوم والكمون والملح والفلفل الأسود حتى يصبح المزيج ناعمًا وسهل السكب.', '', ''),
(137, 9, '3 • يمكن تعديل قوام الصلصة بإضافة المزيد من الماء إذا لزم الأمر، يجب أن تكون الصلصة كريمية ولكن ليست سميكة جدًا.', '', ''),
(138, 9, '4 • صبّي صلصة الطحينة فوق كرات اللحم المحمرة في المقلاة.', '', ''),
(139, 9, '5 • اتركي المزيج على نار هادئة حتى تتكاثف الصلصة قليلاً وتغطي كرات اللحم.', '', ''),
(140, 9, '6 • أضيفي الطماطم الكرزية واتركيها حتى تنضج في الصلصة.', '', ''),
(141, 9, '7 • رشي القليل من زيت الزيتون لإضفاء لمعة.', '', ''),
(142, 9, '8 • انثري البقدونس المفروم والصنوبر.', '', ''),
(143, 9, '9 • قدميها ساخنة مع قطع من الخبز العربي المحمص أو فوق الأرز حسب الرغبة.', '', ''),
(144, 9, 'كرات لحم أمريكانا', '-', ''),
(145, 9, 'كرات لحم أمريكانا', '-', ''),
(146, 9, 'كوب طحينة', '1/2', ''),
(147, 9, 'عصير ليمونة واحدة', '-', ''),
(148, 9, 'كوب ماء دافئ', '1/2', ''),
(149, 9, 'فص ثوم مفروم', '-', ''),
(150, 9, 'ملح وفلفل أسود', '-', ''),
(151, 9, '• ملعقة صغيرة كمون', '-', ''),
(152, 9, '• صنوبر', '-', ''),
(153, 9, 'حفنة من الطماطم الكرزية (كاملة أو مقطعة إلى نصفين)', '-', ''),
(154, 9, 'بقدونس طازج مفروم', '-', ''),
(155, 9, 'زيت زيتون للرش', '-', ''),
(156, 9, 'اختياري: صنوبر محمص للتزيين', '-', ''),
(157, 9, 'قطع خبز عربي محمص للتقديم', '-', ''),
(158, 9, '1 • تُطهى كرات لحم أمريكانا في مقلاة مع القليل من زيت الزيتون حتى تتحمر من جميع الجوانب.', '', ''),
(159, 9, '2 • في وعاء، يُخفق الطحينة وعصير الليمون والماء الدافئ والثوم والكمون والملح والفلفل الأسود حتى يصبح المزيج ناعمًا وسهل السكب.', '', ''),
(160, 9, '3 • يمكن تعديل قوام الصلصة بإضافة المزيد من الماء إذا لزم الأمر، يجب أن تكون الصلصة كريمية ولكن ليست سميكة جدًا.', '', ''),
(161, 9, '4 • صبّي صلصة الطحينة فوق كرات اللحم المحمرة في المقلاة.', '', ''),
(162, 9, '5 • اتركي المزيج على نار هادئة حتى تتكاثف الصلصة قليلاً وتغطي كرات اللحم.', '', ''),
(163, 9, '6 • أضيفي الطماطم الكرزية واتركيها حتى تنضج في الصلصة.', '', ''),
(164, 9, '7 • رشي القليل من زيت الزيتون لإضفاء لمعة.', '', ''),
(165, 9, '8 • انثري البقدونس المفروم والصنوبر.', '', ''),
(166, 9, '9 • قدميها ساخنة مع قطع من الخبز العربي المحمص أو فوق الأرز حسب الرغبة.', '', ''),
(167, 10, 'كباب أمريكانا', '', ''),
(168, 10, 'خبز عربي محمص (مقطع إلى مربعات صغيرة)', '', ''),
(169, 10, '1/2 كوب زبادي', '', ''),
(170, 10, 'ملعقة كبيرة طحينة', '', ''),
(171, 10, 'ملعقة كبيرة عصير ليمون', '', ''),
(172, 10, '1/4 كوب حمص مسلوق', '', ''),
(173, 10, 'ملح وفلفل', '', ''),
(174, 10, 'صنوبر', '', ''),
(175, 10, 'زبدة أو زيت زيتون لتحميص الصنوبر', '', ''),
(176, 10, 'بقدونس طازج للتزيين', '', ''),
(177, 11, 'فلافل أمريكانا (مقطعة إلى نصفين)', '', ''),
(178, 11, 'حبة طماطم واحدة (مفرومة)', '', ''),
(179, 11, '1/2 بصلة', '', ''),
(180, 11, 'فص ثوم واحد', '', ''),
(181, 11, 'ملعقة صغيرة كمون', '', ''),
(182, 11, 'بيضتان', '', ''),
(183, 11, 'بقدونس', '', ''),
(184, 12, 'برجر لحم أمريكانا كريفز', '', ''),
(185, 12, '1/4 كوب طحينة', '', ''),
(186, 12, 'عصير ليمونة واحدة', '', ''),
(187, 12, '1/2 كوب ماء (لتخفيف الصلصة)', '', ''),
(188, 12, 'ملح وفلفل', '', ''),
(189, 12, 'بقدونس طازج مفروم', '', ''),
(190, 12, 'طماطم مشوية (طماطم كرزية مقطعة إلى نصفين أو قطع ودجز مشوية)', '', ''),
(191, 12, 'زيت زيتون للرش', '', ''),
(192, 12, 'اختياري: مخلل أو بصل للتقديم', '', ''),
(193, 12, 'اختياري: قطع خبز عربي محمص', '', ''),
(194, 13, 'فيليه دجاج زينجز أمريكانا', '', ''),
(195, 13, '3 شرائح مقطعة إلى شرائح', '', ''),
(196, 13, 'ملعقة سماق كبيرة', '', ''),
(197, 13, 'زيت زيتون', '', ''),
(198, 13, 'خبز عربي', '', ''),
(199, 13, 'صنوبر', '', ''),
(200, 13, 'بقدونس', '', ''),
(201, 13, 'شرائح ليمون', '', ''),
(202, 14, 'روبيان زينجز المقلي', '', ''),
(203, 14, '300 غرام من التالياتيلي', '', ''),
(204, 14, 'كوب من الكريمة', '', ''),
(205, 14, 'ملعقة كبيرة من الزبدة', '', ''),
(206, 14, 'فصان من الثوم', '', ''),
(207, 14, 'جبنة بارميزان', '', ''),
(208, 14, 'جبنة بارميزان', '', ''),
(209, 14, 'بقدونس', '', ''),
(210, 15, 'قطع تمبورا ناجتس أمريكانا', '', ''),
(211, 15, 'كوب من معجون الطماطم', '', ''),
(212, 15, 'كوب واحد من الكريمة', '', ''),
(213, 15, 'ملعقة كبيرة من الزبدة', '', ''),
(214, 15, 'ملعقة صغيرة من بهارات غارام ماسالا', '', ''),
(215, 15, '1/2 ملعقة صغيرة من الكركم', '', ''),
(216, 15, 'ملعقة صغيرة من البابريكا', '', ''),
(217, 15, 'رشة سكر', '', ''),
(218, 15, 'كزبرة', '', ''),
(219, 15, 'أرز بسمتي (للتقديم)', '', ''),
(220, 16, 'كرات لحم أمريكية', '', ''),
(221, 16, 'بصلة واحدة', '', ''),
(222, 16, 'حبتان من الطماطم', '', ''),
(223, 16, 'كوب واحد من صلصة الطماطم', '', ''),
(224, 16, 'ملعقة صغيرة من البابريكا', '', ''),
(225, 16, 'ملعقة صغيرة من الكمون', '', ''),
(226, 16, 'زيت زيتون', '', ''),
(227, 16, 'كزبرة', '', ''),
(228, 16, 'أرز للتقديم', '', ''),
(229, 17, 'كباب لحم بقري أو ضأن أمريكانا', '', ''),
(230, 17, 'حبتان من البطاطس، مقطعتان إلى شرائح', '', ''),
(231, 17, 'بصلة واحدة، مقطعة إلى شرائح', '', ''),
(232, 17, 'حبة طماطم واحدة، مقطعة إلى شرائح', '', ''),
(233, 17, '1/2 كوب من صلصة الطماطم', '', ''),
(234, 17, 'ملعقة كبيرة من دبس الرمان', '', ''),
(235, 17, 'ملعقة صغيرة من البابريكا', '', ''),
(236, 17, 'ملعقة صغيرة من البهارات المشكلة', '', ''),
(237, 17, 'زيت زيتون', '', ''),
(238, 17, 'ملح وفلفل أسود', '', ''),
(239, 17, 'بقدونس طازج للتزيين', '', ''),
(240, 18, 'صدور دجاج أمريكانا', '', ''),
(241, 18, 'كوبان من أرز بسمتي (منقوع لمدة ٣٠ دقيقة)', '', ''),
(242, 18, 'بصلة كبيرة مقطعة إلى شرائح', '', ''),
(243, 18, 'حبتان من الطماطم المفرومة', '', ''),
(244, 18, 'ملعقة كبيرة من بهارات البرياني', '', ''),
(245, 18, '1/2 ملعقة صغيرة من الكركم', '', ''),
(246, 18, 'ملعقة صغيرة من الكمون', '', ''),
(247, 18, 'كوب من الزبادي', '', ''),
(248, 18, '1/4 كوب من الكزبرة المفرومة', '', ''),
(249, 18, '1/4 كوب من البصل المقلي', '', ''),
(250, 18, 'زعفران مذاب في حليب دافئ', '', ''),
(251, 18, 'سمن أو زيت', '', ''),
(252, 18, 'ملح وفلفل أسود', '', ''),
(253, 19, 'برجر كريفز أمريكانا', '', ''),
(254, 19, 'بطاطس مقطعة شرائح', '', ''),
(255, 19, 'حلقات بصل', '', ''),
(256, 19, 'شرائح طماطم', '', ''),
(257, 19, 'صلصة طحينة بالليمون', '', ''),
(258, 19, 'بهارات: كمون، بابريكا', '', ''),
(259, 19, 'بقدونس', '', ''),
(260, 20, 'برجر دجاج مقلي على الطريقة الريفية من أمريكانا', '', ''),
(261, 20, '2 كوب من الأرز المطبوخ (يفضل أرز بسمتي أو أرز طويل الحبة)', '', ''),
(262, 20, '1 كوب من الكريمة', '', ''),
(263, 20, '1/2 كوب من جبنة الموزاريلا المبشورة', '', ''),
(264, 20, '1/2 كوب من الذرة', '', ''),
(265, 20, '1/2 كوب من البازلاء', '', ''),
(266, 20, '1/2 ملعقة صغيرة من الفلفل الأسود', '', ''),
(267, 20, '1/2 ملعقة صغيرة من البابريكا', '', ''),
(268, 20, 'ملح حسب الرغبة', '', ''),
(269, 20, 'ملعقة كبيرة من الزبدة أو الزيت للدهن', '', ''),
(270, 20, 'جبنة موزاريلا إضافية، بقدونس، مسحوق بابريكا', '', ''),
(271, 21, 'شرائح أمريكا المتطورة بالهواء', '', ''),
(272, 21, '2 كوب أرز مندي', '', ''),
(273, 21, '1 بصلة', '', ''),
(274, 21, '1 طماطم', '', ''),
(275, 21, 'التوابل كاملة (هيل، قرنفل، قرفة)', '', ''),
(276, 21, '1 ملعقة صغيرة توابل ماندي', '', ''),
(277, 21, '1 ملعقة كبيرة سمنة', '', ''),
(278, 21, 'ماء زعفران', '', ''),
(279, 21, 'مكسرات مقلية', '', ''),
(280, 21, 'أوتاد ليمون', '', ''),
(281, 22, 'فيليه دجاج أمريكانا زينغز', '', ''),
(282, 22, 'بصلتان مقطعتان إلى شرائح رفيعة', '', ''),
(283, 22, 'ملعقة كبيرة سماق', '', ''),
(284, 22, 'ملعقة كبيرة زيت زيتون', '', ''),
(285, 22, 'رقائق سبرينغ رول', '', ''),
(286, 22, 'صنوبر محمص', '', ''),
(287, 22, 'ملح وفلفل أسود', '', ''),
(288, 23, 'روبيان زينجز المقلي', '-', ''),
(289, 23, 'أوراق خس روماني', '-', ''),
(290, 23, 'حبة أفوكادو مقطعة مكعبات', '-', ''),
(291, 23, 'ملعقة كبيرة مايونيز بالليمون', '-', ''),
(292, 23, '• رقائق الفلفل الحار', '-', ''),
(293, 23, 'ملح وفلفل أسود', '-', ''),
(294, 23, '1 يُطهى الروبيان المقلي حتى يصبح مقرمشًا.', '', ''),
(295, 23, '2 تُحشى أوراق الخس بمكعبات الأفوكادو والروبيان.', '', ''),
(296, 23, '3 يُضاف القليل من مايونيز الليمون.', '', ''),
(297, 23, '4 يُرش رقائق الفلفل الحار والملح والفلفل الأسود.', '', ''),
(298, 23, 'روبيان زينجز المقلي', '-', ''),
(299, 23, 'روبيان زينجز المقلي', '-', ''),
(300, 23, 'أوراق خس روماني', '-', ''),
(301, 23, 'حبة أفوكادو مقطعة مكعبات', '-', ''),
(302, 23, 'ملعقة كبيرة مايونيز بالليمون', '-', ''),
(303, 23, '• رقائق الفلفل الحار', '-', ''),
(304, 23, 'ملح وفلفل أسود', '-', ''),
(305, 23, '1 يُطهى الروبيان المقلي حتى يصبح مقرمشًا.', '', ''),
(306, 23, '2 تُحشى أوراق الخس بمكعبات الأفوكادو والروبيان.', '', ''),
(307, 23, '3 يُضاف القليل من مايونيز الليمون.', '', ''),
(308, 23, '4 يُرش رقائق الفلفل الحار والملح والفلفل الأسود.', '', ''),
(309, 24, 'شرائح أمريكانا إكستريم (جبنة أو فلفل حار)', '', ''),
(310, 24, 'رقائق التورتيلا أو أكواب تورتيلا صغيرة', '', ''),
(311, 24, '1/2 كوب جبنة شيدر مبشورة', '', ''),
(312, 24, '•طماطم مكعبات', '', ''),
(313, 24, 'شرائح هالبينو', '', ''),
(314, 24, 'ملعقتان كبيرتان من الزبادي', '', ''),
(315, 24, 'ملعقة صغيرة من عصير الليمون', '', ''),
(316, 24, 'رقائق الفلفل الحار (اختياري)', '', ''),
(317, 25, 'قطع تمبورا ناجتس أمريكانا', '', ''),
(318, 25, 'أكواب فيلو', '', ''),
(319, 25, 'ملعقتان كبيرتان من المايونيز', '', ''),
(320, 25, 'ملعقة كبيرة من صلصة الفلفل الحلو', '', ''),
(321, 25, 'ملعقة صغيرة من صلصة سريراتشا', '', ''),
(322, 25, 'بصل أخضر مفروم', '', ''),
(323, 25, 'بذور سمسم', '', ''),
(324, 26, 'شرائح دجاج أمريكانا المقلية بالقلاية الهوائية', '-', ''),
(325, 26, 'ملعقتان كبيرتان من دبس الرمان', '-', ''),
(326, 26, 'ملعقة كبيرة من العسل', '-', ''),
(327, 26, 'ملعقة صغيرة من البابريكا', '1/2', ''),
(328, 26, 'ملعقة صغيرة من مسحوق الثوم', '1/2', ''),
(329, 26, 'ملعقة كبيرة من زيت الزيتون', '-', ''),
(330, 26, 'بذور سمسم محمصة', '-', ''),
(331, 26, '• بقدونس طازج مفروم', '-', ''),
(332, 26, 'اختياري: حبوب رمان للتزيين', '-', ''),
(333, 26, '1 • اقلي شرائح دجاج أمريكانا في المقلاة الهوائية حتى تصبح مقرمشة وذهبية اللون، ثم ضعيها جانبًا.', '', ''),
(334, 26, '2 • في مقلاة، اخلطي دبس الرمان والعسل وزيت الزيتون والبابريكا ومسحوق الثوم.', '', ''),
(335, 26, '3 • سخني المزيج على نار هادئة حتى يصبح كثيفًا ومتجانسًا.', '', ''),
(336, 26, '4 • أضيفي شرائح الدجاج المقرمشة إلى المقلاة وقلبيها حتى تتغطى بالكامل بالصلصة.', '', ''),
(337, 26, '5 • انقل الطبق إلى طبق التقديم ورشّ عليه بذور السمسم المحمصة.', '', ''),
(338, 26, '6 • زيّنه بالبقدونس المفروم، ويمكنك إضافة حبوب الرمان الطازجة.', '', ''),
(339, 26, '7 • قدّمه دافئًا... إنه طبق مقبلات رمضاني حلو، لاذع، ومالح، يُقدّم مع الفتوش أو الحساء.', '', ''),
(340, 26, 'شرائح دجاج أمريكانا المقلية بالقلاية الهوائية', '-', ''),
(341, 26, 'شرائح دجاج أمريكانا المقلية بالقلاية الهوائية', '-', ''),
(342, 26, 'ملعقتان كبيرتان من دبس الرمان', '-', ''),
(343, 26, 'ملعقة كبيرة من العسل', '-', ''),
(344, 26, 'ملعقة صغيرة من البابريكا', '1/2', ''),
(345, 26, 'ملعقة صغيرة من مسحوق الثوم', '1/2', ''),
(346, 26, 'ملعقة كبيرة من زيت الزيتون', '-', ''),
(347, 26, 'بذور سمسم محمصة', '-', ''),
(348, 26, '• بقدونس طازج مفروم', '-', ''),
(349, 26, 'اختياري: حبوب رمان للتزيين', '-', ''),
(350, 26, '1 • اقلي شرائح دجاج أمريكانا في المقلاة الهوائية حتى تصبح مقرمشة وذهبية اللون، ثم ضعيها جانبًا.', '', ''),
(351, 26, '2 • في مقلاة، اخلطي دبس الرمان والعسل وزيت الزيتون والبابريكا ومسحوق الثوم.', '', ''),
(352, 26, '3 • سخني المزيج على نار هادئة حتى يصبح كثيفًا ومتجانسًا.', '', ''),
(353, 26, '4 • أضيفي شرائح الدجاج المقرمشة إلى المقلاة وقلبيها حتى تتغطى بالكامل بالصلصة.', '', ''),
(354, 26, '5 • انقل الطبق إلى طبق التقديم ورشّ عليه بذور السمسم المحمصة.', '', ''),
(355, 26, '6 • زيّنه بالبقدونس المفروم، ويمكنك إضافة حبوب الرمان الطازجة.', '', ''),
(356, 26, '7 • قدّمه دافئًا... إنه طبق مقبلات رمضاني حلو، لاذع، ومالح، يُقدّم مع الفتوش أو الحساء.', '', ''),
(357, 27, 'لحم مفروم أمريكانا', '', ''),
(358, 27, 'بصلة واحدة مفرومة فرماً ناعماً', '', ''),
(359, 27, 'ملعقة صغيرة من بهارات السبعة', '', ''),
(360, 27, '1/2 ملعقة صغيرة من القرفة', '', ''),
(361, 27, 'ملعقتان كبيرتان من الصنوبر المحمص', '', ''),
(362, 27, 'عجينة السمبوسك', '', ''),
(363, 27, 'ملح وفلفل', '', ''),
(364, 27, 'زيت للقلي أو الدهن', '', ''),
(365, 28, '• كباب أمريكانا', '-', ''),
(366, 28, 'مكعبات خبز عربي محمص', '-', ''),
(367, 28, 'كوب زبادي', '1/2', ''),
(368, 28, 'ملعقة كبيرة طحينة', '-', ''),
(369, 28, 'ملعقة كبيرة عصير ليمون', '-', ''),
(370, 28, 'حمص', '-', ''),
(371, 28, '• صنوبر محمص', '-', ''),
(372, 28, '• بقدونس', '-', ''),
(373, 28, '1 اطبخ الكباب وقطعيه إلى قطع صغيرة.', '', ''),
(374, 28, '2 املئي الأكواب الصغيرة بالخبز المحمص والحمص.', '', ''),
(375, 28, '3 اخلطي الزبادي والطحينة وعصير الليمون والملح والفلفل.', '', ''),
(376, 28, '4 اسكبي الصلصة فوق خليط الخبز.', '', ''),
(377, 28, '5 ضعي قطع الكباب والصنوبر المحمص فوقها.', '', ''),
(378, 28, '6 زينيها بالبقدونس.', '', ''),
(379, 28, '• كباب أمريكانا', '-', ''),
(380, 28, '• كباب أمريكانا', '-', ''),
(381, 28, 'مكعبات خبز عربي محمص', '-', ''),
(382, 28, 'كوب زبادي', '1/2', ''),
(383, 28, 'ملعقة كبيرة طحينة', '-', ''),
(384, 28, 'ملعقة كبيرة عصير ليمون', '-', ''),
(385, 28, 'حمص', '-', ''),
(386, 28, '• صنوبر محمص', '-', ''),
(387, 28, '• بقدونس', '-', ''),
(388, 28, '1 اطبخ الكباب وقطعيه إلى قطع صغيرة.', '', ''),
(389, 28, '2 املئي الأكواب الصغيرة بالخبز المحمص والحمص.', '', ''),
(390, 28, '3 اخلطي الزبادي والطحينة وعصير الليمون والملح والفلفل.', '', ''),
(391, 28, '4 اسكبي الصلصة فوق خليط الخبز.', '', ''),
(392, 28, '5 ضعي قطع الكباب والصنوبر المحمص فوقها.', '', ''),
(393, 28, '6 زينيها بالبقدونس.', '', ''),
(394, 29, 'روبيان أمريكانا جامبو', '', ''),
(395, 29, 'ملعقة كبيرة زبدة', '', ''),
(396, 29, 'فصان من الثوم المفروم', '', ''),
(397, 29, 'بشر ليمونة', '', ''),
(398, 29, 'بابريكا', '', ''),
(399, 29, 'بقدونس', '', ''),
(400, 30, 'فلافل أمريكانا', '', ''),
(401, 30, 'رقائق خبز بيتا', '', ''),
(402, 30, 'طماطم مكعبات', '', ''),
(403, 30, 'مخلل مفروم', '', ''),
(404, 30, 'ملعقتان كبيرتان من الطحينة', '', ''),
(405, 30, 'ملعقة كبيرة من عصير الليمون', '', ''),
(406, 30, 'ماء (للتخفيف)', '', ''),
(407, 30, 'بقدونس', '', ''),
(408, 31, 'برجر أمريكانا كريفز', '', ''),
(409, 31, 'خبز برجر صغير', '', ''),
(410, 31, 'ملعقتان كبيرتان من الطحينة', '', ''),
(411, 31, 'ملعقة كبيرة من عصير الليمون', '', ''),
(412, 31, '1/4 كوب ماء', '', ''),
(413, 31, 'شرائح طماطم', '', ''),
(414, 31, 'بقدونس مفروم', '', ''),
(415, 32, 'كرات لحم جاهزة', '', ''),
(416, 32, 'عجينة بيف باستري مقطعة مربعات', '', ''),
(417, 32, '4 بيضات', '', ''),
(418, 32, 'حبة البركة', '', ''),
(419, 32, 'سمسم أبيض محمّص', '', ''),
(420, 33, 'ستربس صدور دجاج مقلي', '', ''),
(421, 33, 'زبدة', '', ''),
(422, 33, 'ثوم مهروس', '', ''),
(423, 33, 'عسل', '', ''),
(424, 33, 'عصير ليمون', '', ''),
(425, 33, 'فلفل مجروش', '', ''),
(426, 33, 'فلفل أسود', '', ''),
(427, 33, 'بصل أخضر مفروم', '', ''),
(428, 33, 'سمسم', '', ''),
(429, 34, 'فطر إنوكي (الفطر الطويل الشبيه بالنودلز)', '', ''),
(430, 34, 'نودلز حسب النوع المفضل', '', ''),
(431, 34, 'بازلاء سنو بيز', '', ''),
(432, 34, 'فاصوليا', '', ''),
(433, 34, 'روبيان', '', ''),
(434, 34, '3 فصوص ثوم', '', ''),
(435, 34, '1 بصلة', '', ''),
(436, 34, 'بصل أخضر', '', ''),
(437, 34, 'عشبة الليمون (Lemongrass)', '', ''),
(438, 34, 'ملح وفلفل', '', ''),
(439, 34, 'عصير ليمونة واحدة', '', ''),
(440, 34, 'فلفل أحمر', '', ''),
(441, 34, '1 ملعقة كبيرة معجون تايلندي', '', ''),
(442, 34, '1 ملعقة كبيرة صوص سمك', '', ''),
(443, 34, 'صوص صويا مالح حسب الذوق', '', ''),
(444, 34, 'قليل من الماء', '', ''),
(445, 34, 'زيت سمسم', '', ''),
(446, 34, 'مستنبت الحلبة الطازج', '', ''),
(447, 35, 'جمبري مقلي جاهز', '', ''),
(448, 35, 'فلفل ألوان مقطع شرائح', '', ''),
(449, 35, 'بصل أبيض مقطع شرائح', '', ''),
(450, 35, 'بصل أخضر', '', ''),
(451, 35, 'سمسم', '', ''),
(452, 35, 'زنجبيل', '', ''),
(453, 35, 'ثوم مهروس', '', ''),
(454, 35, 'فلفل حار خفيف', '', ''),
(455, 35, 'كاتشب', '', ''),
(456, 35, 'خل', '', ''),
(457, 35, 'صوص الصويا', '', ''),
(458, 35, 'سكر بني', '', ''),
(459, 35, 'نشاء', '', ''),
(460, 35, 'فلفل أسود', '', ''),
(461, 36, 'خبز باو', '', ''),
(462, 36, 'ستربس دجاج حار', '', ''),
(463, 36, 'صوص فرنسي', '', ''),
(464, 36, 'جزر مبشور', '', ''),
(465, 36, 'فلفل ألوان', '', ''),
(466, 37, '500 غرام لحم مفروم', '', ''),
(467, 37, '3 بصلات كبيرة', '', ''),
(468, 37, '4 حبات فلفل رومي', '', ''),
(469, 37, '2 حبة فلفل أخضر حار', '', ''),
(470, 37, '1 ملعقة كبيرة سمن', '', ''),
(471, 37, '1 ملعقة صغيرة ملح', '', ''),
(472, 37, 'بهارات حسب الرغبة', '', ''),
(473, 37, '1/4 كوب زيت نباتي', '', ''),
(474, 37, '10 أرغفة خبز عربي أبيض أو بلدي', '', ''),
(475, 38, '15 حبة روبيان منظف ومغسول، منقوع في ماء وخل', '', ''),
(476, 38, '2 عصير ليمون', '', ''),
(477, 38, '1 كوب مشروم مقطع صغير', '', ''),
(478, 38, '3 أعواد عشبة الليمون (Lemongrass) مقطعة', '', ''),
(479, 38, '3 شرائح جالنجال (زنجبيل تايلندي)', '', ''),
(480, 38, '1 ملعقة صغيرة فلفل أحمر مجروش حار', '', ''),
(481, 38, '4 أوراق ليمون مقطعة', '', ''),
(482, 38, '2 ملعقة كبيرة حليب جوز الهند', '', ''),
(483, 38, '1 حبة طماطم متوسطة مقطعة', '', ''),
(484, 38, '2 ملعقة صغيرة معجون توم يوم (جاهز)', '', ''),
(485, 38, '1 ملعقة صغيرة سكر', '', ''),
(486, 38, 'ماء حسب الحاجة', '', ''),
(487, 39, 'بصل مقطع شرائح', '', ''),
(488, 39, 'فليفلة ملونة مقطعة طوليًا (اختياري)', '', ''),
(489, 39, 'طماطم حمراء مقشّرة ومفرومة', '', ''),
(490, 39, '1 ملعقة كبيرة زيت زيتون', '', ''),
(491, 39, 'بهارات مشكلة', '', ''),
(492, 39, 'كاري', '', ''),
(493, 39, 'فلفل أسود', '', ''),
(494, 39, '1 ملعقة كبيرة صلصة طماطم', '', ''),
(495, 39, 'ملح حسب الرغبة', '', ''),
(496, 39, 'طحينة', '', ''),
(497, 39, 'خل', '', ''),
(498, 40, '1 كوب فيمتو روز (مبرد)', '', ''),
(499, 40, '1 كوب زبادي يوناني أو زبادي عادي', '', ''),
(500, 40, '2 ملعقة كبيرة عسل أو شيرة (حسب الرغبة)', '', ''),
(501, 40, '1/2 كوب فراولة أو توت مفروم', '', ''),
(502, 41, '2 كوب حليب كامل الدسم', '', ''),
(503, 41, '3 ملاعق كبيرة نشا', '', ''),
(504, 41, '2 ملعقة كبيرة سكر (حسب الرغبة)', '', ''),
(505, 41, '1/2 كوب معجون تمر أو تمر طري مهروس ناعم', '', ''),
(506, 41, '3/4 كوب فيمتو روز', '', ''),
(507, 41, '1 ملعقة صغيرة نشا', '', ''),
(508, 41, '1 ملعقة صغيرة سكر (اختياري)', '', ''),
(509, 41, 'فستق مجروش', '', ''),
(510, 41, 'بتلات ورد مجففة', '', ''),
(511, 41, 'تمر مفروم', '', ''),
(512, 42, '300 جرام فيليه سمك', '', ''),
(513, 42, 'البهارات: بابريكا، ملح، فلفل أسود، بهارات إيطالية', '', ''),
(514, 42, '1 ملعقة كبيرة زيت الزيتون', '', ''),
(515, 42, '1 كوب طماطم كرزية', '', ''),
(516, 42, '2 كوب سبانخ خضراء', '', ''),
(517, 42, '1 كوب فطر طازج مقطع شرائح', '', ''),
(518, 42, '1 كوب فطر طازج مقطع شرائح', '', ''),
(519, 42, '2 فص ثوم مهروس', '', ''),
(520, 42, '1 ملعقة كبيرة زبدة', '', ''),
(521, 42, '200 ميليجرام كريمة الطبخ', '', ''),
(522, 42, 'عصير ½ حبة ليمون', '', ''),
(523, 43, '1 كغ دجاج مقطّع', '', ''),
(524, 43, '2 بصل مقطع شرائح', '', ''),
(525, 43, '3 فصوص ثوم مفروم', '', ''),
(526, 43, '2 حبات طماطم مفرومة', '', ''),
(527, 43, '2 ملعقة كبيرة معجون طماطم', '', ''),
(528, 43, '2 كوب أرز بسمتي مغسول', '', ''),
(529, 43, '4 أكواب ماء أو مرق', '', ''),
(530, 43, '2 ملعقة كبيرة زيت', '', ''),
(531, 43, '2 ليمون أسود (اختياري)', '', ''),
(532, 43, '1 ملعقة صغيرة كمون', '', ''),
(533, 43, '1 ملعقة صغيرة كزبرة مطحونة', '', ''),
(534, 43, '1 ملعقة صغيرة كركم', '', ''),
(535, 43, '1 ملعقة صغيرة قرفة', '', ''),
(536, 43, '1 ملعقة صغيرة بابريكا', '', ''),
(537, 43, '1 ملعقة صغيرة فلفل أسود', '', ''),
(538, 43, '1 ملعقة صغيرة ملح', '', ''),
(539, 43, '1/2 ملعقة صغيرة هيل مطحون', '', ''),
(540, 44, '1 ملعقة كبيرة زيت زيتون', '', ''),
(541, 44, '1 بصلة صفراء متوسطة مفرومة ناعماً', '', ''),
(542, 44, '3 فصوص ثوم مفروم', '', ''),
(543, 44, '1 فلفل أحمر مقطع مكعبات', '', ''),
(544, 44, '1 حبة طماطم متوسطة مفرومة', '', ''),
(545, 44, '1 ملعقة صغيرة كمون مطحون', '', ''),
(546, 44, '1 ملعقة صغيرة بابريكا مدخنة', '', ''),
(547, 44, '1 ملعقة صغيرة أوريغانو مجفف', '', ''),
(548, 44, '1 كوب أرز أبيض طويل الحبة (غير مطبوخ)', '', ''),
(549, 44, '2 كوب مرق خضار أو ماء', '', ''),
(550, 44, '1 علبة حمص أو فاصوليا كانيليني (مصفاة ومغسولة)', '', ''),
(551, 44, '2 كوب سبانخ طازج أو كرنب (مفروم خشن)', '', ''),
(552, 44, '1 ملعقة كبيرة عصير ليمون (أو أكثر حسب الذوق)', '', ''),
(553, 44, '2 ملعقة كبيرة بقدونس أو نعناع طازج مفروم', '', ''),
(554, 44, 'ملح وفلفل حسب الذوق', '', ''),
(555, 45, '1 كغ روبيان متوسط، مقشّر ومنظّف', '', ''),
(556, 45, '3 أكواب أرز كالروز الأميركي متوسط الحبة، مطهو', '', ''),
(557, 45, '1 أفوكادو مقطع مكعبات', '', ''),
(558, 45, '1/2 كوب إدامامي مطهو', '', ''),
(559, 45, '2 فص ثوم مفروم', '', ''),
(560, 45, '1 ملعقة صغيرة زنجبيل طازج مبشور', '', ''),
(561, 45, '1/4 كوب بصل أخضر مفروم', '', ''),
(562, 45, '1/2 ملعقة صغيرة رقائق فلفل أحمر (اختياري)', '', ''),
(563, 45, '4 ملعقة كبيرة صويا صوص', '', ''),
(564, 45, '1 ملعقة كبيرة زيت سمسم', '', ''),
(565, 45, '1 ملعقة صغيرة خل الأرز', '', ''),
(566, 45, '1 ملعقة صغيرة سمسم محمّص', '', ''),
(567, 45, 'ملح وفلفل أسود حسب الذوق', '', ''),
(568, 46, '1 1/2 رطل أفخاذ دجاج بدون جلد أو دبابيس الدجاج', '', ''),
(569, 46, '2 كوب أرز طويل الحبة (مغسول)', '', ''),
(570, 46, '4 أكواب مرق دجاج منخفض الصوديوم', '', ''),
(571, 46, '1 بصلة متوسطة مفرومة ناعماً', '', ''),
(572, 46, '3 فصوص ثوم مفروم', '', ''),
(573, 46, '1 ملعقة صغيرة بابريكا مدخنة', '', ''),
(574, 46, '1 ملعقة صغيرة بودرة بصل', '', ''),
(575, 46, '1 ملعقة صغيرة بودرة ثوم', '', ''),
(576, 46, '1 ملعقة صغيرة زعتر مجفف', '', ''),
(577, 46, '1/2 ملعقة صغيرة كركم (اختياري)', '', ''),
(578, 46, '2 ملعقة كبيرة زيت زيتون', '', ''),
(579, 46, 'ملح وفلفل أسود حسب الذوق', '', ''),
(580, 46, 'بقدونس طازج للتزيين', '', ''),
(581, 47, '1/2 كوب أرز (بسمتي وأربوريو)', '', ''),
(582, 47, '2 لتر من الحليب', '', ''),
(583, 47, '1/2 كوب سكر', '', ''),
(584, 47, 'ملعقتان كبيرتان من دقيق الأرز', '', ''),
(585, 47, 'ملعقتان كبيرتان من الكريمة أو ملعقة كبيرة من السمن', '', ''),
(586, 47, 'ملعقة صغيرة من الهيل', '', ''),
(587, 47, 'ملعقتان صغيرتان من ماء الورد', '', ''),
(588, 47, '1/4 ملعقة صغيرة من الزعفران (منقوع)', '', ''),
(589, 47, 'مكسرات وبتلات ورد للتزيين', '', ''),
(590, 48, '1 1/2 كغ موزات لحم', '', ''),
(591, 48, '4 أكواب أرز بسمتي', '', ''),
(592, 48, 'بصل، طماطم، كزبرة', '', ''),
(593, 48, 'معجون طماطم، كركم، كزبرة مطحونة', '', ''),
(594, 48, 'ليمون مجفف', '', ''),
(595, 48, 'للطبخ بالقدر الضغط: بصل صحيح، ثوم، هيل، قرفة، ورق غار', '', ''),
(596, 48, 'ماء ورد وزعفران للّمسات الأخيرة', '', ''),
(597, 49, '1 1/2 ملعقة كبيرة زيت', '', ''),
(598, 49, '300 جرام جمبري', '', ''),
(599, 49, '1 كوب أرز أبيض', '', ''),
(600, 49, '1 بصلة صغيرة مفرومة ناعم', '', ''),
(601, 49, '1/2 حبة فلفل أخضر حلو مفروم ناعم', '', ''),
(602, 49, '1/2 كوب طماطم مهروسة', '', ''),
(603, 49, '2 فص ثوم مهروس', '', ''),
(604, 49, 'كزبرة وشبت', '', ''),
(605, 49, 'البهارات: لومي أسود جاف، ملح، فلفل أسود، بهارات مشكّلة، كركم، كمون', '', ''),
(606, 49, '1 ملعقة كبيرة معجون الطماطم', '', ''),
(607, 49, 'فلفل حار', '', ''),
(608, 49, '1 ملعقة صغيرة معجون التمر هندي', '', ''),
(609, 50, '500 جرام كنافة', '', ''),
(610, 50, '200 جرام زبدة مذابة', '', ''),
(611, 50, '2 كوب حليب', '', ''),
(612, 50, '2 ملعقة كبيرة نشا', '', ''),
(613, 50, '2 ملعقة كبيرة سكر', '', ''),
(614, 50, '1 ملعقة صغيرة فانيليا', '', ''),
(615, 50, '1 كوب كريمة', '', ''),
(616, 50, '1 1/2 كوب تمر منزوع النوى ومقطع', '', ''),
(617, 50, '1 ملعقة كبيرة زبد', '', ''),
(618, 50, '1/2 ملعقة صغيرة قرفة (اختياري)', '', ''),
(619, 50, '2 كوب سكر', '', ''),
(620, 50, '1 كوب ماء', '', ''),
(621, 50, 'عصرة ليمون', '', ''),
(622, 50, 'فانيليا أو ماء زهر (اختياري)', '', '');

-- --------------------------------------------------------

--
-- Table structure for table `recipe_steps`
--

CREATE TABLE `recipe_steps` (
  `id` int(11) NOT NULL,
  `recipe_id` int(11) NOT NULL,
  `step_num` int(11) NOT NULL,
  `instruction` text NOT NULL,
  `timer_seconds` int(11) DEFAULT 0
) ENGINE=InnoDB DEFAULT CHARSET=utf8mb4 COLLATE=utf8mb4_unicode_ci;

--
-- Dumping data for table `recipe_steps`
--

INSERT INTO `recipe_steps` (`id`, `recipe_id`, `step_num`, `instruction`, `timer_seconds`) VALUES
(1, 2, 1, 'يخلط الحليب البودرة مع الماء ويغلى الخليط على نار متوسطة الحرارة مع التقليب المتواصل.', 0),
(2, 2, 2, 'عندما يغلي الخليط يضاف النشاء ويخلط ببطء، ثم يقلب بسرعة باستخدام خفاقة إلى أن يصبح الخليط سميكًا.', 0),
(3, 2, 3, 'بمجرد أن يصبح الخليط سميكاً يرفع عن اللهب وتضاف المستكة إليه.', 0),
(4, 2, 4, 'تصب القشطالية في أوعية صغيرة.', 0),
(5, 2, 5, 'تقلب القشطالية في طبق تقديم عندما تبرد.', 0),
(6, 2, 6, 'تقدم القشطالية مع الموز المكرمل وآيس كريم الفانيليا ورشة من صوص الكراميل.', 0),
(7, 3, 1, 'يتبل السمك بالبهارات وعصير الليمون.', 0),
(8, 3, 2, 'يغلف السمك بالطحين.', 0),
(9, 3, 3, 'يغطس في البيض.', 0),
(10, 3, 4, 'أخيراً، يغلف بالقسماط المخلوط مع البهارات.', 0),
(11, 3, 5, 'يقلى بالزيت حتى يصبح ذهبياً ومقرمشاً.', 0),
(12, 3, 6, 'يقدم مع صلصة الترتار.', 0),
(13, 4, 1, 'يوضع الجمبري في الخلاط.', 0),
(14, 4, 2, 'تضاف البهارات، والبقدونس، وعصير الليمون، والهالابينو، والبقسماط.', 0),
(15, 4, 3, 'يخلط المزيج جيداً حتى يتجانس.', 0),
(16, 4, 4, 'يشكّل بشكل أقراص مدوّرة ويشوى في المقلاة.', 0),
(17, 4, 5, 'تضاف جبنة الموتزاريلا والشيدر على وجهها حتى تذوب.', 0),
(18, 4, 6, 'للتقديم، تجمّع أقراص البرجر في الخبز، وتضاف صلصة الترتار، والخس، والطماطم.', 0),
(19, 5, 1, 'اقلي شرائح أمريكانا في المقلاة الهوائية حتى تصبح ذهبية اللون ومقرمشة، ثم قطعيها إلى نصفين.', 0),
(20, 5, 2, 'اخلطي اللبنة مع زيت الزيتون والزعتر والنعناع المجفف حتى يصبح المزيج ناعماً.', 0),
(21, 5, 3, 'قطعي الخيار والطماطم إلى شرائح؛ حضري أوراق النعناع والخس.', 0),
(22, 5, 4, 'سخني خبز البيتا قليلاً وافتحيه برفق.', 0),
(23, 5, 5, 'وزعي طبقة سخية من خليط اللبنة داخل خبز البيتا.', 0),
(24, 5, 6, 'ضعي الخس في القاعدة، ثم شرائح الخيار والطماطم.', 0),
(25, 5, 7, 'احشي شرائح الخيار والطماطم المقرمشة داخل الجيب.', 0),
(26, 5, 8, 'أضيفي أوراق النعناع الطازجة على الوجه.', 0),
(27, 5, 9, 'رشي القليل من زيت الزيتون والسماق.', 0),
(28, 6, 1, 'اطبخي قطع تمبورا ناجتس الأمريكية حتى تصبح مقرمشة وذهبية اللون؛ ثم ضعيها جانبًا.', 0),
(29, 6, 2, 'سخني الحمص المطبوخ قليلًا مع رشة من زيت الزيتون ورشة من البابريكا أو السماق.', 0),
(30, 6, 3, 'وزعي الحمص بسخاء في وعاء مسطح، واصنعي حفرة صغيرة في المنتصف.', 0),
(31, 6, 4, 'ضعي الحمص الدافئ فوق الحمص.', 0),
(32, 6, 5, 'أضيفي قطع الدجاج المقرمشة على الوجه، ورتّبيها بعناية.', 0),
(33, 6, 6, 'رشي القليل من زيت الفلفل الحار على الطبق لإضفاء اللون والنكهة الحارة.', 0),
(34, 6, 7, 'زيّني الطبق بالبقدونس المفروم وعصير الليمون الطازج.', 0),
(35, 6, 8, 'أضيفي المخللات أو الزيتون أو الطماطم الكرزية على الأطراف حسب الرغبة.', 0),
(36, 6, 9, 'قدّميه مع قطع الخبز المحمص أو رقائق البيتا.', 0),
(37, 7, 1, 'يُطهى برجر الدجاج المقلي الريفي من أمريكانا حتى يصبح ساخنًا ومقرمشًا، ثم يُقطع إلى شرائح.', 0),
(38, 7, 2, 'تُشوى شرائح جبنة الحلومي حتى تُصبح ذهبية اللون من الجانبين.', 0),
(39, 7, 3, 'يُسخن خبز الصاج قليلًا ليسهل لفه.', 0),
(40, 7, 4, 'تُدهن طبقة رقيقة من المايونيز بالثوم أو المايونيز الخفيف على خبز الصاج.', 0),
(41, 7, 5, 'يُضاف الخس أو أوراق النعناع لإضافة نكهة منعشة.', 0),
(42, 7, 6, 'تُرص شرائح الخيار، وشرائح الطماطم اختياريًا.', 0),
(43, 7, 7, 'تُوضع شرائح جبنة الحلومي المشوية فوق الخضار.', 0),
(44, 7, 8, 'يُضاف برجر الدجاج المقلي الريفي المقطع فوقها. • لفّ الصاج بإحكام على شكل رغيف.', 0),
(45, 7, 9, 'حمّص الرغيف قليلاً في مقلاة مع قليل من زيت الزيتون أو الزبدة حتى يصبح ذهبي اللون ومغلقاً.', 0),
(46, 7, 10, 'قطّعه وقدّمه دافئاً.', 0),
(47, 8, 1, 'تبلي قطع الدجاج بالملح والفلفل الأسود ومسحوق الثوم وزيت الزيتون.', 0),
(48, 8, 2, 'اشويها في مقلاة حتى يصبح لونها ذهبياً وتنضج تماماً.', 0),
(49, 8, 3, 'ادهني الزبادي على طبق واخلطيه مع النعناع المجفف والسماق.', 0),
(50, 8, 4, 'ضعي قطع الدجاج المشوية فوق الزبادي.', 0),
(51, 8, 5, 'زينيها برشة زيت زيتون وبقدونس مفروم.', 0),
(52, 9, 1, 'تُطهى كرات لحم أمريكانا في مقلاة مع القليل من زيت الزيتون حتى تتحمر من جميع الجوانب.', 0),
(53, 9, 2, 'في وعاء، يُخفق الطحينة وعصير الليمون والماء الدافئ والثوم والكمون والملح والفلفل الأسود حتى يصبح المزيج ناعمًا وسهل السكب.', 0),
(54, 9, 3, 'يمكن تعديل قوام الصلصة بإضافة المزيد من الماء إذا لزم الأمر، يجب أن تكون الصلصة كريمية ولكن ليست سميكة جدًا.', 0),
(55, 9, 4, 'صبّي صلصة الطحينة فوق كرات اللحم المحمرة في المقلاة.', 0),
(56, 9, 5, 'اتركي المزيج على نار هادئة حتى تتكاثف الصلصة قليلاً وتغطي كرات اللحم.', 0),
(57, 9, 6, 'أضيفي الطماطم الكرزية واتركيها حتى تنضج في الصلصة.', 0),
(58, 9, 7, 'رشي القليل من زيت الزيتون لإضفاء لمعة.', 0),
(59, 9, 8, 'انثري البقدونس المفروم والصنوبر.', 0),
(60, 9, 9, 'قدميها ساخنة مع قطع من الخبز العربي المحمص أو فوق الأرز حسب الرغبة.', 0),
(61, 10, 1, 'يُطهى كباب أمريكانا حتى يسخن جيداً ويصبح لونه ذهبياً فاتحاً، ثم يُقطع إلى شرائح.', 0),
(62, 10, 2, 'تُحمّص قطع الخبز العربي حتى تصبح مقرمشة، ثم توضع في قاع طبق التقديم.', 0),
(63, 10, 3, 'يُضاف الحمص المسلوق فوق طبقة الخبز.', 0),
(64, 10, 4, 'في وعاء منفصل، يُخفق الزبادي والطحينة وعصير الليمون والملح والفلفل حتى يصبح المزيج ناعماً.', 0),
(65, 10, 5, 'يُسكب مزيج الزبادي والطحينة بالتساوي فوق الخبز والحمص لتليينهما قليلاً.', 0),
(66, 10, 6, 'رتّبي قطع الكباب فوق الفتة.', 0),
(67, 10, 7, 'حمّصي الصنوبر في قليل من الزبدة أو الزيت حتى يصبح ذهبي اللون، ثم رشّيه فوق الطبق.', 0),
(68, 10, 8, 'أضيفي البقدونس الطازج لمزيد من الانتعاش.', 0),
(69, 11, 1, 'شوّحي البصل والثوم', 0),
(70, 11, 2, 'أضيفي الطماطم والكمون، واتركي المزيج على نار هادئة.', 0),
(71, 11, 3, 'أضيفي أنصاف الفلافل.', 0),
(72, 11, 4, 'اكسري البيض في المقلاة، وغطّيها حتى ينضج.', 0),
(73, 11, 5, 'زيّني بالبقدونس.', 0),
(74, 12, 1, 'اطبخي برجر أمريكانا كريفز حتى يصبح لونه بنياً وينضج تماماً، ثم قطعيه إلى قطع على طريقة الكفتة.', 0),
(75, 12, 2, 'في وعاء، اخفقي الطحينة وعصير الليمون والماء والملح والفلفل والكمون حتى يصبح المزيج ناعماً وكريمياً.', 0),
(76, 12, 3, 'اضبطي القوام بإضافة المزيد من الماء، يجب أن تكون الصلصة سائلة ولكن ليست سائلة جداً.', 0),
(77, 12, 4, 'وزعي طبقة سخية من صلصة الطحينة على طبق التقديم.', 0),
(78, 12, 5, 'رتّب قطع البرجر على طريقة الكفتة فوق الصلصة.', 0),
(79, 12, 6, 'اشوي الطماطم ووزّعها حول الطبق.', 0),
(80, 12, 7, 'رشّ القليل من زيت الزيتون لإضفاء لمعة.', 0),
(81, 12, 8, 'زيّن الطبق بالبقدونس المفروم الطازج.', 0),
(82, 12, 9, 'قدّم الطبق مع قطع من الخبز العربي المحمّص أو المخللات حسب الرغبة.', 0),
(83, 13, 1, 'اطبخ الجمبري المغطى بالبقسماط الأمريكي حتى يصبح ذهبيا ومقرمش.', 0),
(84, 13, 2, 'اهرس الأفوكادو في وعاء مع عصير الليمون والملح والفلفل حتى يصبح كريما.', 0),
(85, 13, 3, 'قم بتحميص الخبز أو شرائح الخبز العربي حتى تصبح مقرمشة.', 0),
(86, 13, 4, 'افرد طبقة سميكة من هريس الأفوكادو فوق التوست.', 0),
(87, 13, 5, 'رتب الروبيان المقرمش فوقه.', 0),
(88, 13, 6, 'رش رقائق الفلفل الحار لإضافة حرارة خفيفة.', 0),
(89, 13, 7, 'أضف طماطم كرزية أو رشة صغيرة من زيت الزيتون إذا رغبت', 0),
(90, 14, 1, 'يُطهى الروبيان حتى يصبح ذهبي اللون.', 0),
(91, 14, 2, 'تُسلق التالياتيلي حتى تنضج (ألدينتي)', 0),
(92, 14, 3, 'في مقلاة، يُقلى الثوم في الزبدة.', 0),
(93, 14, 4, 'تُضاف الكريمة وجبنة البارميزان، وتُترك على نار هادئة حتى تتكاثف الصلصة.', 0),
(94, 14, 5, 'تُقلب المعكرونة في الصلصة.', 0),
(95, 14, 6, 'يُضاف الروبيان المقلي على الوجه.', 0),
(96, 14, 7, 'يُزين الطبق برقائق الفلفل الحار والبقدونس.', 0),
(97, 15, 1, 'اطهي قطع التمبورا ناجتس حتى تصبح مقرمشة.', 0),
(98, 15, 2, 'اتركي المزيج على نار هادئة، ثم أضيفي الكريمة لتحضير صلصة دجاج بالزبدة ناعمة.', 0),
(99, 15, 3, 'أضيفي قطع التمبورا المقرمشة وقلبيها برفق لتغطيتها بالصلصة.', 0),
(100, 15, 4, 'قدميها مع أرز بسمتي وزينيها بالكزبرة.', 0),
(101, 16, 1, 'حمّري كرات اللحم في الزيت.', 0),
(102, 16, 2, 'أضيفي البصل والطماطم والتوابل، وقلّبيها.', 0),
(103, 16, 3, 'اسكبي صلصة الطماطم واتركيها على نار هادئة حتى تتكاثف.', 0),
(104, 16, 4, 'أعيدي كرات اللحم إلى الصلصة، واتركيها لمدة 10 دقائق.', 0),
(105, 16, 5, 'زيّني الطبق بالكزبرة.', 0),
(106, 16, 6, 'قدّميه مع أرز الشعيرية.', 0),
(107, 17, 1, 'يُطهى كباب امريكانا حتى يصبح لونه بنياً ذهبياً، ثم يُرفع جانباً.', 0),
(108, 17, 2, 'تُدهن صينية فرن بقليل من زيت الزيتون.', 0),
(109, 17, 3, 'تُرص شرائح البطاطس في قاع الصينية.', 0),
(110, 17, 4, 'يُضاف البصل والطماطم المقطعة فوقها.', 0),
(111, 17, 5, 'يُرص الكباب المطبوخ فوق الخضار.', 0),
(112, 17, 6, 'تُخلط صلصة الطماطم مع البابريكا والبهارات المشكلة ودبس الرمان والملح والفلفل الأسود، ثم تُسكب فوق الخضار.', 0),
(113, 17, 7, 'غطّي الطبق بورق القصدير واخبزيه في فرن مُسخّن مسبقاً على حرارة ١٨٠ درجة مئوية لمدة ٢٥-٣٠ دقيقة حتى تنضج الخضراوات.', 0),
(114, 17, 8, 'أزيلي ورق القصدير واخبزيه لمدة ٥ دقائق إضافية حتى يصبح لونه ذهبياً فاتحاً.', 0),
(115, 17, 9, 'زيّنيه بالبقدونس المفروم.', 0),
(116, 17, 10, 'قدّميه مع أرز الشعيرية أو الخبز العربي لوجبة إفطار متكاملة.', 0),
(117, 18, 1, 'يُطهى صدر دجاج أمريكانا حتى يصبح ذهبي اللون، ثم يُرفع جانبًا.', 0),
(118, 18, 2, 'في قدر، يُسخن السمن، ويُقلى البصل حتى يتكرمل.', 0),
(119, 18, 3, 'تُضاف الطماطم، وبهارات البرياني، والكمون، والكركم، والملح، والفلفل الأسود؛ ويُطهى المزيج حتى يصبح قوامه كثيفًا.', 0),
(120, 18, 4, 'يُضاف الزبادي ويُترك على نار هادئة.', 0),
(121, 18, 5, 'أضيفي الأرز البسمتي نصف المطبوخ فوق التوابل.', 0),
(122, 18, 6, 'رصّي قطع الدجاج المطبوخة فوق الأرز.', 0),
(123, 18, 7, 'غطّي القدر بإحكام واتركيه على نار هادئة لمدة ٢٠ دقيقة.', 0),
(124, 18, 8, 'قلّبي الأرز برفق وقدّميه ساخنًا مع الرايتا.', 0),
(125, 19, 1, 'اطبخي برجر كريفز وفتتيه إلى قطع تشبه الكفتة.', 0),
(126, 19, 2, 'رصي طبقات البطاطس والبصل والطماطم في صينية.', 0),
(127, 19, 3, 'أضيفي قطع البرجر المفتتة.', 0),
(128, 19, 4, 'اسكبي صلصة الطحينة بالليمون فوق المكونات.', 0),
(129, 19, 5, 'اخبزيها حتى تنضج البطاطس وتتكاثف الصلصة.', 0),
(130, 19, 6, 'زينيها بالبقدونس.', 0),
(131, 20, 1, 'يُطهى برجر الدجاج المقلي على الطريقة الريفية من أمريكانا في مقلاة أو فرن حتى يسخن تمامًا ويصبح مقرمشًا من الخارج. يُرفع جانبًا ويُقطع إلى شرائح أو قطع.', 0),
(132, 20, 2, 'في وعاء كبير، يُخلط الأرز المطبوخ مع الكريمة، وجبنة الموزاريلا، والذرة، والبازلاء، والفلفل الأسود، والبابريكا، ورشة ملح إذا لزم الأمر. اخلط المكونات جيدًا حتى تتغطى بالكامل وتصبح كريمية.', 0),
(133, 20, 3, 'ادهن صينية فرن بقليل من الزبدة أو الزيت.', 0),
(134, 20, 4, 'وزّع خليط الأرز الكريمي بالتساوي في قاع الصينية، واضغط برفق لتسويته.', 0),
(135, 20, 5, 'رتّب شرائح البرجر فوق طبقة الأرز، إما بشكل أنيق في صفوف أو بشكل متناثر لإضفاء مظهر ريفي.', 0),
(136, 20, 6, 'رشّ القليل من جبنة الموزاريلا الإضافية على الوجه إذا كنت تفضل قشرة أكثر غنى بالجبن.', 0),
(137, 20, 7, 'اخبز في فرن مُسخّن مسبقًا على حرارة 180 درجة مئوية لمدة 15-20 دقيقة تقريبًا، أو حتى يصبح السطح ذهبي اللون، وتظهر عليه فقاعات، ويصبح مقرمشًا قليلًا عند الأطراف.', 0),
(138, 20, 8, 'أخرج الصينية من الفرن واتركها ترتاح لمدة 5 دقائق قبل التقديم.', 0),
(139, 20, 9, 'زيّنها بالبقدونس الطازج أو رشة خفيفة من البابريكا.', 0),
(140, 21, 1, 'اقلي الستربس في الهواء حتى تصبح مقرمشة.', 0),
(141, 21, 2, 'في قدر، اقلي البصل مع السمن والتوابل كاملة.', 0),
(142, 21, 3, 'إضافة الخضروات المقلية وخلطة التوابل المندي، واطبخها حتى تتشكل.', 0),
(143, 21, 4, 'أضف الأرز المغسول والماء؛ اطبخها حتى تصبح هشة.', 0),
(144, 21, 5, 'ضع شرائح أمريكانا مقرمشة فوق الأرز قبل التقديم.', 0),
(145, 21, 6, 'رش ماء الزعفران وزين بالمكسرات المقلية.', 0),
(146, 21, 7, 'قدمها مع صلصة الصلصة الخضراء أو الزبادي.', 0),
(147, 22, 1, 'اطبخي فيليه الدجاج زينغز وقطّعيه إلى قطع صغيرة.', 0),
(148, 22, 2, 'شوّحي البصل في زيت الزيتون مع السماق والملح والفلفل الأسود حتى يذبل.', 0),
(149, 22, 3, 'اخلطي البصل مع الدجاج المقطّع والصنوبر.', 0),
(150, 22, 4, 'احشي رقائق السبرينغ رول ولفّيها بإحكام.', 0),
(151, 22, 5, 'اقليها في مقلاة حتى تصبح مقرمشة وذهبية اللون.', 0),
(152, 23, 1, 'يُطهى الروبيان المقلي حتى يصبح مقرمشًا.', 0),
(153, 23, 2, 'تُحشى أوراق الخس بمكعبات الأفوكادو والروبيان.', 0),
(154, 23, 3, 'يُضاف القليل من مايونيز الليمون.', 0),
(155, 23, 4, 'يُرش رقائق الفلفل الحار والملح والفلفل الأسود.', 0),
(156, 24, 1, 'اطبخي شرائح إكستريم ستريبس ثم قطعيها إلى قطع صغيرة.', 0),
(157, 24, 2, 'املئي أكواب التورتيلا بالجبنة واخبزيها حتى تذوب.', 0),
(158, 24, 3, 'أضيفي شرائح الجبنة المقطعة، والطماطم المكعبة، وشرائح الهالبينو.', 0),
(159, 24, 4, 'اخلطي الزبادي مع عصير الليمون واسكبيه فوق الأكواب.', 0),
(160, 24, 5, 'رشي رقائق الفلفل الحار حسب الرغبة.', 0),
(161, 24, 6, 'قدميها فوراً كطبق مقبلات رمضاني شهي وحار.', 0),
(162, 25, 1, 'اطهي قطع الناجتس حتى تصبح مقرمشة، ثم قطعيها إلى قطع صغيرة.', 0),
(163, 25, 2, 'اخلطي المايونيز وصلصة الفلفل الحلو وصلصة سريراتشا لتحضير صلصة ديناميت.', 0),
(164, 25, 3, 'املئي كل كوب فيلو بالصلصة وقطع الناجتس.', 0),
(165, 25, 4, 'زينيها بالبصل الأخضر وبذور السمسم.', 0),
(166, 25, 5, 'قدميها فوراً', 0),
(167, 26, 1, 'اقلي شرائح دجاج أمريكانا في المقلاة الهوائية حتى تصبح مقرمشة وذهبية اللون، ثم ضعيها جانبًا.', 0),
(168, 26, 2, 'في مقلاة، اخلطي دبس الرمان والعسل وزيت الزيتون والبابريكا ومسحوق الثوم.', 0),
(169, 26, 3, 'سخني المزيج على نار هادئة حتى يصبح كثيفًا ومتجانسًا.', 0),
(170, 26, 4, 'أضيفي شرائح الدجاج المقرمشة إلى المقلاة وقلبيها حتى تتغطى بالكامل بالصلصة.', 0),
(171, 26, 5, 'انقل الطبق إلى طبق التقديم ورشّ عليه بذور السمسم المحمصة.', 0),
(172, 26, 6, 'زيّنه بالبقدونس المفروم، ويمكنك إضافة حبوب الرمان الطازجة.', 0),
(173, 26, 7, 'قدّمه دافئًا... إنه طبق مقبلات رمضاني حلو، لاذع، ومالح، يُقدّم مع الفتوش أو الحساء.', 0),
(174, 27, 1, 'يُقلى البصل حتى يذبل، ثم يُضاف اللحم المفروم ويُطهى جيداً.', 0),
(175, 27, 2, 'يُتبل بالبهارات السبعة، والقرفة والملح والفلفل.', 0),
(176, 27, 3, 'يُضاف الصنوبر المحمص ويُخلط جيداً.', 0),
(177, 27, 4, 'تُحشى عجينة السمبوسك بالخليط وتُغلق بإحكام.', 0),
(178, 27, 5, 'تُقلى حتى يصبح لونها ذهبياً أو تُخبز حتى تصبح مقرمشة.', 0),
(179, 28, 1, 'اطبخ الكباب وقطعيه إلى قطع صغيرة.', 0),
(180, 28, 2, 'املئي الأكواب الصغيرة بالخبز المحمص والحمص.', 0),
(181, 28, 3, 'اخلطي الزبادي والطحينة وعصير الليمون والملح والفلفل.', 0),
(182, 28, 4, 'اسكبي الصلصة فوق خليط الخبز.', 0),
(183, 28, 5, 'ضعي قطع الكباب والصنوبر المحمص فوقها.', 0),
(184, 28, 6, 'زينيها بالبقدونس.', 0),
(185, 29, 1, 'شوّحي الروبيان في الزبدة مع الثوم حتى تفوح رائحته.', 0),
(186, 29, 2, 'أضيفي بشر الليمون والبابريكا والملح والفلفل.', 0),
(187, 29, 3, 'ضعي الروبيان في الأسياخ ليسهل تقديمه.', 0),
(188, 29, 4, 'زيّني بالبقدونس.', 0),
(189, 29, 5, 'قدّميه دافئًا... مقبلات رمضانية شهية.', 0),
(190, 30, 1, 'اطبخ الفلافل وفتتيها إلى قطع صغيرة.', 0),
(191, 30, 2, 'وزعي رقائق خبز البيتا على طبق التقديم.', 0),
(192, 30, 3, 'أضيفي الفلافل والطماطم والمخلل.', 0),
(193, 30, 4, 'اخلطي الطحينة وعصير الليمون والماء والملح والفلفل، ثم اسكبي الخليط فوق الناتشوز.', 0),
(194, 30, 5, 'زينيها بالبقدونس.', 0),
(195, 30, 6, 'قدميها... طبق مقبلات رمضاني شهي وممتع للمشاركة.', 0),
(196, 31, 1, 'شكّلي برجر كريفز المطبوخ على هيئة أقراص كفتة صغيرة.', 0),
(197, 31, 2, 'اخلطي الطحينة وعصير الليمون والماء والملح والفلفل حتى تحصلي على صلصة ناعمة.', 0),
(198, 31, 3, 'ضعي شرائح الطماطم وقرص الكفتة في الخبز، ثم رشي الطحينة والبقدونس.', 0),
(199, 31, 4, 'قدميها ساخنة كساندوتش إفطار صغير مستوحى من المطبخ الشامي.', 0),
(200, 32, 1, 'تُدهن مربعات عجينة البيف باستري بالبيض.', 0),
(201, 32, 2, 'يُرش السمسم الأبيض وحبة البركة على العجين.', 0),
(202, 32, 3, 'تُوضع كرة اللحم في المنتصف.', 0),
(203, 32, 4, 'يُشكّل العجين على هيئة نجمة حول كرة اللحم.', 0),
(204, 32, 5, 'تُخبز في الفرن حتى تتحمّر وتنتفخ العجينة.', 0),
(205, 33, 1, 'في مقلاة على نار متوسطة، تُذوّب الزبدة ويُضاف الثوم ويُقلّب قليلًا.', 0),
(206, 33, 2, 'يُضاف العسل ثم الفلفل المجروش والفلفل الأسود.', 0),
(207, 33, 3, 'يُضاف ستربس الدجاج ويُقلّب حتى يتغلف بالصوص.', 0),
(208, 33, 4, 'يُرش السمسم ويُزيّن بالبصل الأخضر.', 0),
(209, 33, 5, 'يُقدّم ساخنًا مع صوص أبيض حسب الرغبة.', 0),
(210, 34, 1, 'يُسخّن الزيت في المقلاة، ثم يُضاف البصل، الثوم، الفلفل الأحمر، عشبة الليمون، والجزء الأبيض من البصل الأخضر.', 0),
(211, 34, 2, 'تُقلّب المكونات على نار عالية لمدة 3 دقائق حتى تتجانس.', 0),
(212, 34, 3, 'يُضاف المعجون التايلندي، صوص السمك، صوص الصويا، الملح، والفلفل وتُقلّب لمدة دقيقتين.', 0),
(213, 34, 4, 'يُضاف الفطر، البازلاء، والفاصوليا وتُقلّب دقيقتين، ثم يُضاف الروبيان ويُقلّب 3 دقائق.', 0),
(214, 34, 5, 'يُضاف الجزء الأخضر من البصل الأخضر.', 0),
(215, 34, 6, 'تُضاف النودلز المسلوقة وتُقلّب مع المكونات حتى تمتزج النكهات، ثم تُقدّم مباشرة.', 0),
(216, 35, 1, 'يُسخّن الزيت في الصاج، ويُضاف الزنجبيل والثوم والفلفل الحار ويُقلّب.', 0),
(217, 35, 2, 'يُضاف الفلفل الألوان والبصل ويُشوّح.', 0),
(218, 35, 3, 'يُضاف الجمبري المقلي.', 0),
(219, 35, 4, 'تُضاف مكونات الصوص وتُقلّب حتى تتكاثف.', 0),
(220, 35, 5, 'يُزيّن بالبصل الأخضر والسمسم ويُقدّم ساخنًا.', 0),
(221, 36, 1, 'يُقلى الدجاج ويُخلط بالصوص والخضار ويُحشى بالخبز.', 0),
(222, 37, 1, 'يُفرم اللحم، البصل، الفلفل الرومي، والفلفل الحار معًا في الكبة.', 0),
(223, 37, 2, 'تُضاف البهارات، الملح، والسمن ويُخلط جيدًا حتى يتماسك الخليط.', 0),
(224, 37, 3, 'يُفتح الخبز من جانب واحد ويُحشى بخليط اللحم ثم يُغلق.', 0),
(225, 37, 4, 'تُحمّى مقلاة غير لاصقة بقليل من الزيت ويُحمّر الحواوشي على الوجهين حتى تنضج اللحمة ويتحمص الخبز.', 0),
(226, 38, 1, 'في قدر على النار، تُوضع قشور الروبيان مع أوراق الليمون، عشبة الليمون، الجالنجال، والفلفل الأحمر، ويُضاف الماء. تُترك لتغلي مدة 15 دقيقة حتى تتكوّن الشوربة.', 0),
(227, 38, 2, 'تُصفّى الشوربة وتُعاد إلى القدر، ثم يُضاف السكر، الطماطم، عصير الليمون، والمشروم وتُترك لتغلي.', 0),
(228, 38, 3, 'يُضاف الروبيان ومعجون التوم يوم ويُترك الخليط يغلي لمدة 10 دقائق.', 0),
(229, 38, 4, 'يُضاف حليب جوز الهند، ويُترك ليغلي غلوة واحدة فقط، ثم يُرفع عن النار ويُقدّم ساخنًا.', 0),
(230, 39, 1, 'تُشوّح البصلة مع زيت الزيتون، ثم تُضاف الفليفلة وتُقلّب قليلًا.', 0),
(231, 39, 2, 'تُضاف الطماطم، صلصة الطماطم، البهارات، والملح، ويُغطى الخليط ويُترك 20 دقيقة حتى يتسبّك.', 0),
(232, 39, 3, 'تُخرج كرات الكباب من الصينية، وتُضاف الصلصة إلى عصارة اللحم في الصينية وتُخلط جيدًا.', 0),
(233, 39, 4, 'تُعاد كرات الكباب إلى الصينية وتُدخل الفرن 10 دقائق.', 0),
(234, 39, 5, 'تُزيّن بالبقدونس وتُقدّم مع الأرز حسب الرغبة.', 0),
(235, 40, 1, 'في وعاء، اخفقي الزبادي مع العسل حتى يصبح ناعمًا وكريمي القوام.', 0),
(236, 40, 2, 'في وعاء آخر، اخلطي فيمتو روز مع خليط الزبادي.', 0),
(237, 40, 3, 'في قوالب المصاصات، أضيفي طبقة من خليط الزبادي مع فيمتو روز، ثم وزّعي التوت المفروم.', 0),
(238, 40, 4, 'اسكبي طبقة إضافية من خليط فيمتو روز فوقها.', 0),
(239, 40, 5, 'أدخلي الأعواد وضعي القوالب في الفريزر لمدة 4–5 ساعات أو حتى تتجمد تمامًا.', 0),
(240, 40, 6, 'لإخراج المصاصات بسهولة، اغمسي القوالب لثوانٍ في ماء دافئ ثم اسحبيها برفق.', 0),
(241, 41, 1, 'في قدر وعلى البارد، اخفقي الحليب مع النشا والسكر ومعجون التمر حتى يتجانس الخليط تمامًا.', 0),
(242, 41, 2, 'ضعي القدر على نار متوسطة مع التحريك المستمر حتى يثقل القوام ويصبح كريميًا.', 0),
(243, 41, 3, 'وزّعي المهلبية في أكواب التقديم.', 0),
(244, 41, 4, 'اتركيها لتبرد قليلًا، ثم أدخليها الثلاجة لمدة 20–30 دقيقة حتى تتماسك.', 0),
(245, 41, 5, 'في قدر صغير، اخلطي فيمتو روز مع النشا والسكر.', 0),
(246, 41, 6, 'ضعيه على نار هادئة حتى يثخن قليلًا ويصبح قوامه شبيهًا بالشراب، ثم اتركيه ليبرد قليلًا.', 0),
(247, 41, 7, 'اسكبي طبقة فيمتو روز فوق المهلبية.', 0),
(248, 41, 8, 'أعيدي الأكواب إلى الثلاجة لمدة لا تقل عن ساعة إلى ساعتين.', 0),
(249, 41, 9, 'زيّني بالفستق وبتلات الورد والتمر، وقدّميها باردة.', 0),
(250, 42, 1, 'يتبّل السمك بالبهارات.', 0),
(251, 42, 2, 'يشوى السمك في مقلاة، ثم يوضع جانباً.', 0),
(252, 42, 3, 'في نفس المقلاة، يضاف زيت الزيتون، ثم يضاف البصل والثوم.', 0),
(253, 42, 4, 'تضاف الطماطم الكرزية، والفطر، والسبانخ.', 0),
(254, 42, 5, 'عندما تسمك الصلصة، تضاف فيلية السمك.', 0),
(255, 42, 6, 'تترك لتطهى لـ10 دقائق تقريباً.', 0),
(256, 43, 1, 'سخّن الزيت في قدر واسع وقلّب البصل حتى يطرى.', 0),
(257, 43, 2, 'أضف الثوم، ثم أضف الدجاج وحرّكه حتى يتحمر قليلاً.', 0),
(258, 43, 3, 'أضف الطماطم ومعجون الطماطم وحرّك جيداً.', 0),
(259, 43, 4, 'أضف خليط البهارات وامزج حتى تتغطى قطع الدجاج بالبهارات.', 0),
(260, 43, 5, 'أضف الماء والليمون الأسود، وغطي القدر واتركه يطهى لمدة 20 دقيقة.', 0),
(261, 43, 6, 'أضف الأرز فوق الدجاج دون تحريك.', 0),
(262, 43, 7, 'غطّ القدر واترك الكبسة تطهى حتى ينضج الأرز تماماً.', 0),
(263, 43, 8, 'زيّن الكبسة بالبصل المحمّر واللوز المحمّص وقدّمها مع صلصة الدقوس.', 0),
(264, 44, 1, 'سخّن زيت الزيتون في مقلاة على نار متوسطة، ثم أضف البصل والثوم وحرّكهما حتى يطرى البصل.', 0),
(265, 44, 2, 'أضف الفلفل الأحمر والطماطم، ثم أضف الكمون والبابريكا والأوريغانو والملح والفلفل. اطهِ المزيج لمدة 2–3 دقائق.', 0),
(266, 44, 3, 'أضف الأرز وحرّكه ليغلف بالتوابل، ثم أضف المرق، واتركه يغلي. اخفض النار وغطّ القدر واتركه يطبخ لمدة 15–20 دقيقة.', 0),
(267, 44, 4, 'قبل نهاية الطبخ بدقائق قليلة، أضف الحمص والسبانخ (أو الكرنب)، وغطّ القدر حتى يذبل ويتسخن الخليط.', 0),
(268, 44, 5, 'أضف عصير الليمون، ورشّة زيت زيتون، ثم زيّن بالأعشاب الطازجة. يمكن إضافة جبنة فيتا، زيتون، أو طحينة حسب الرغبة.', 0),
(269, 45, 1, 'اطهِ أرز كالروز وحرّك فيه خل الأرز عندما يبرد قليلاً.', 0),
(270, 45, 2, 'سخّن زيت السمسم على نار متوسطة، وأضف الثوم والزنجبيل وقلّبهما لمدة دقيقة.', 0),
(271, 45, 3, 'أضف الروبيان والملح والفلفل ورقائق الفلفل، واطهه لمدة 3–4 دقائق حتى يتحول لونه إلى الوردي.', 0),
(272, 45, 4, 'ضع الأرز في أطباق التقديم، ثم أضف فوقه الروبيان والأفوكادو والإدامامي.', 0),
(273, 45, 5, 'زيّن بالبصل الأخضر والسمسم المحمّص، ثم أضف رشة صويا صوص قبل التقديم.', 0),
(274, 46, 1, 'جفّف الدجاج جيداً وتبّله بالبابريكا، بودرة الثوم، بودرة البصل، الزعتر، الملح والفلفل.', 0),
(275, 46, 2, 'سخّن زيت الزيتون في قدر عميق أو مقلاة كبيرة، وحرّك الدجاج حتى يتحمر ويصبح ذهبي اللون. ارفعه جانباً.', 0),
(276, 46, 3, 'في نفس القدر، شَوِّح البصل حتى يطرى، ثم أضف الثوم لمدة 30 ثانية.', 0),
(277, 46, 4, 'أضف الأرز المغسول وقلّبه قليلاً ثم أضف مرق الدجاج والكركم.', 0),
(278, 46, 5, 'أعد الدجاج إلى القدر، غطّه واتركه يطبخ على نار هادئة لمدة 20–25 دقيقة.1. أطفئ النار واتركه يرتاح 5 دقائق، ثم حرّك الأرز بالشوكة، وزيّنه بالبقدونس وقدّمه.z', 0),
(279, 46, 6, 'أطفئ النار واتركه يرتاح 5 دقائق، ثم حرّك الأرز بالشوكة، وزيّنه بالبقدونس وقدّمه.', 0),
(280, 47, 1, 'انقع الأرز لمدة ساعة', 0),
(281, 47, 2, 'اطبخه مع الحليب على نار هادئة لمدة 30 دقيقة', 0),
(282, 47, 3, 'أضف دقيق الأرز والسكر والزعفران والهيل والكريمة', 0),
(283, 47, 4, 'أضف ماء الورد وقدّم', 0),
(284, 48, 1, 'تحمير اللحم: حمّر موزات اللحم حتى تكتسب لوناً ذهبياً عميقاً.', 0),
(285, 48, 2, 'الطبخ بالضغط: اطهها في قدر الضغط مع البصل والثوم والهيل والقرفة وورق الغار لمدة 45 دقيقة.', 0),
(286, 48, 3, 'التحمير النهائي: ادهن الموزات بمزيج ماء الورد والزعفران ثم أدخلها الفرن لتحميرها.', 0),
(287, 48, 4, 'تحضير صلصة المجبوس: في قدر واسع، اطهِ البصل مع البهارات ومعجون الطماطم والليمون المجفف والطماطم حتى تتكون صلصة غنية.', 0),
(288, 48, 5, 'إضافة المرق: أضف مرق اللحم الناتج من قدر الضغط إلى الصلصة للحصول على نكهة مركّزة.', 0),
(289, 48, 6, 'طهي الأرز: اطهُ الأرز مباشرة داخل الصلصة حتى يمتص النكهات.', 0),
(290, 48, 7, 'التبخير: ضع موزات اللحم فوق الأرز واترك المجبوس يتبخر لمدة 30–40 دقيقة على نار هادئة.', 0),
(291, 48, 8, '8التقديم: قدّم الطبق مع مكسرات محمصة لطبقة إضافية من الفخامة.', 0),
(292, 49, 1, 'يشوح البصل والثوم في الزيت.', 0),
(293, 49, 2, 'تضاف الكزبرة والشبت.', 0),
(294, 49, 3, 'تضاف البهارات.', 0),
(295, 49, 4, 'يضاف معجون الطماطم مع التحريك.', 0),
(296, 49, 5, 'يضاف الجمبري ويشوح لمدة 3 إلى 4 دقائق فقط.', 0),
(297, 49, 6, 'يضاف الفلفل الحار.', 0),
(298, 49, 7, 'أخيراً، تضاف الطماطم المهروسة.', 0),
(299, 49, 8, 'يضاف 1 كوب من الماء تقريباً.', 0),
(300, 49, 9, 'يترك المزيج يطهى لمدة 15 دقيقة.', 0),
(301, 49, 10, 'أصبحت اليخنة جاهزة للتقديم مع الأرز الأبيض.', 0),
(302, 50, 1, 'نقطع الكنافة ونفكها كويس ونقلبها مع الزبدة المذابة.', 0),
(303, 50, 2, 'نخلط الحليب مع النشا والسكر ونرفعه على النار مع التقليب لحد ما يتقل.', 0),
(304, 50, 3, 'نضيف الفانيليا والكريمة ونقلب ونرفع الخليط ونسيبه يبرد.', 0),
(305, 50, 4, 'نشوح التمر مع الزبدة على نار هادية ونضيف القرفة ونسيبه يبرد.', 0),
(306, 50, 5, 'ندهن صينية بالزبدة ونفرد نصف كمية الكنافة ونضغط خفيف.', 0),
(307, 50, 6, 'نفرد طبقة الكريمة ثم طبقة التمر.', 0),
(308, 50, 7, 'نغطي بباقي الكنافة ونضغط خفيف.', 0),
(309, 50, 8, 'نغطي الصينية كويس ونخزنها في الفريزر وهي غير مسواة.', 0),
(310, 50, 9, 'وقت الاستخدام نطلعها من الفريزر وندخلها فرن سخن على 180 درجة لمدة 25–30 دقيقة لحد ما تتحمر.', 0),
(311, 50, 10, 'نطلع الكنافة وهي سخنة ونصب عليها القطر.', 0);

-- --------------------------------------------------------

--
-- Table structure for table `saved_recipes`
--

CREATE TABLE `saved_recipes` (
  `user_id` int(11) NOT NULL,
  `recipe_id` int(11) NOT NULL,
  `saved_at` timestamp NOT NULL DEFAULT current_timestamp()
) ENGINE=InnoDB DEFAULT CHARSET=utf8mb4 COLLATE=utf8mb4_unicode_ci;

-- --------------------------------------------------------

--
-- Table structure for table `users`
--

CREATE TABLE `users` (
  `id` int(11) NOT NULL,
  `username` varchar(50) NOT NULL,
  `email` varchar(100) NOT NULL,
  `password` varchar(255) NOT NULL,
  `avatar` varchar(255) DEFAULT '?‍?',
  `bio` text DEFAULT NULL,
  `xp` int(11) DEFAULT 0,
  `created_at` timestamp NOT NULL DEFAULT current_timestamp()
) ENGINE=InnoDB DEFAULT CHARSET=utf8mb4 COLLATE=utf8mb4_unicode_ci;

--
-- Dumping data for table `users`
--

INSERT INTO `users` (`id`, `username`, `email`, `password`, `avatar`, `bio`, `xp`, `created_at`) VALUES
(1, 'test', 'test@test.com', '$2y$10$DU94zFYuTk/oq8mH.S42COb6p2rXVFuuWrWaI6xWGigZJ8MgIAKfW', '👨‍🍳', NULL, 0, '2026-04-19 12:46:28'),
(2, 'CHEF1', 'chef1@gmail.com', '$2y$10$OvMYRdSv1gaecou00BdgueZ5PAX4968HCdjpE0cuO16LXfBPNUf9S', '👨‍🍳', NULL, 0, '2026-04-19 13:04:20'),
(3, 'chef12', 'chef12@gmail.com', '$2y$10$WRuwU2hzu5VeKr5NZtF0pOIgN7zJYB2HfwRQnOP2CpHzGdnreZcSa', '👨‍🍳', NULL, 0, '2026-04-19 13:40:12');

--
-- Indexes for dumped tables
--

--
-- Indexes for table `challenges`
--
ALTER TABLE `challenges`
  ADD PRIMARY KEY (`id`);

--
-- Indexes for table `community_posts`
--
ALTER TABLE `community_posts`
  ADD PRIMARY KEY (`id`),
  ADD KEY `user_id` (`user_id`);

--
-- Indexes for table `fridge_items`
--
ALTER TABLE `fridge_items`
  ADD PRIMARY KEY (`id`),
  ADD KEY `user_id` (`user_id`);

--
-- Indexes for table `meal_plans`
--
ALTER TABLE `meal_plans`
  ADD PRIMARY KEY (`user_id`,`plan_date`),
  ADD KEY `recipe_id` (`recipe_id`);

--
-- Indexes for table `recipes`
--
ALTER TABLE `recipes`
  ADD PRIMARY KEY (`id`),
  ADD KEY `user_id` (`user_id`);

--
-- Indexes for table `recipe_ingredients`
--
ALTER TABLE `recipe_ingredients`
  ADD PRIMARY KEY (`id`),
  ADD KEY `recipe_id` (`recipe_id`);

--
-- Indexes for table `recipe_steps`
--
ALTER TABLE `recipe_steps`
  ADD PRIMARY KEY (`id`),
  ADD KEY `recipe_id` (`recipe_id`);

--
-- Indexes for table `saved_recipes`
--
ALTER TABLE `saved_recipes`
  ADD PRIMARY KEY (`user_id`,`recipe_id`),
  ADD KEY `recipe_id` (`recipe_id`);

--
-- Indexes for table `users`
--
ALTER TABLE `users`
  ADD PRIMARY KEY (`id`),
  ADD UNIQUE KEY `username` (`username`),
  ADD UNIQUE KEY `email` (`email`);

--
-- AUTO_INCREMENT for dumped tables
--

--
-- AUTO_INCREMENT for table `challenges`
--
ALTER TABLE `challenges`
  MODIFY `id` int(11) NOT NULL AUTO_INCREMENT;

--
-- AUTO_INCREMENT for table `community_posts`
--
ALTER TABLE `community_posts`
  MODIFY `id` int(11) NOT NULL AUTO_INCREMENT;

--
-- AUTO_INCREMENT for table `fridge_items`
--
ALTER TABLE `fridge_items`
  MODIFY `id` int(11) NOT NULL AUTO_INCREMENT;

--
-- AUTO_INCREMENT for table `recipes`
--
ALTER TABLE `recipes`
  MODIFY `id` int(11) NOT NULL AUTO_INCREMENT, AUTO_INCREMENT=51;

--
-- AUTO_INCREMENT for table `recipe_ingredients`
--
ALTER TABLE `recipe_ingredients`
  MODIFY `id` int(11) NOT NULL AUTO_INCREMENT, AUTO_INCREMENT=623;

--
-- AUTO_INCREMENT for table `recipe_steps`
--
ALTER TABLE `recipe_steps`
  MODIFY `id` int(11) NOT NULL AUTO_INCREMENT, AUTO_INCREMENT=312;

--
-- AUTO_INCREMENT for table `users`
--
ALTER TABLE `users`
  MODIFY `id` int(11) NOT NULL AUTO_INCREMENT, AUTO_INCREMENT=4;

--
-- Constraints for dumped tables
--

--
-- Constraints for table `community_posts`
--
ALTER TABLE `community_posts`
  ADD CONSTRAINT `community_posts_ibfk_1` FOREIGN KEY (`user_id`) REFERENCES `users` (`id`) ON DELETE CASCADE;

--
-- Constraints for table `fridge_items`
--
ALTER TABLE `fridge_items`
  ADD CONSTRAINT `fridge_items_ibfk_1` FOREIGN KEY (`user_id`) REFERENCES `users` (`id`) ON DELETE CASCADE;

--
-- Constraints for table `meal_plans`
--
ALTER TABLE `meal_plans`
  ADD CONSTRAINT `meal_plans_ibfk_1` FOREIGN KEY (`user_id`) REFERENCES `users` (`id`) ON DELETE CASCADE,
  ADD CONSTRAINT `meal_plans_ibfk_2` FOREIGN KEY (`recipe_id`) REFERENCES `recipes` (`id`) ON DELETE CASCADE;

--
-- Constraints for table `recipes`
--
ALTER TABLE `recipes`
  ADD CONSTRAINT `recipes_ibfk_1` FOREIGN KEY (`user_id`) REFERENCES `users` (`id`) ON DELETE SET NULL;

--
-- Constraints for table `recipe_ingredients`
--
ALTER TABLE `recipe_ingredients`
  ADD CONSTRAINT `recipe_ingredients_ibfk_1` FOREIGN KEY (`recipe_id`) REFERENCES `recipes` (`id`) ON DELETE CASCADE;

--
-- Constraints for table `recipe_steps`
--
ALTER TABLE `recipe_steps`
  ADD CONSTRAINT `recipe_steps_ibfk_1` FOREIGN KEY (`recipe_id`) REFERENCES `recipes` (`id`) ON DELETE CASCADE;

--
-- Constraints for table `saved_recipes`
--
ALTER TABLE `saved_recipes`
  ADD CONSTRAINT `saved_recipes_ibfk_1` FOREIGN KEY (`user_id`) REFERENCES `users` (`id`) ON DELETE CASCADE,
  ADD CONSTRAINT `saved_recipes_ibfk_2` FOREIGN KEY (`recipe_id`) REFERENCES `recipes` (`id`) ON DELETE CASCADE;
COMMIT;

/*!40101 SET CHARACTER_SET_CLIENT=@OLD_CHARACTER_SET_CLIENT */;
/*!40101 SET CHARACTER_SET_RESULTS=@OLD_CHARACTER_SET_RESULTS */;
/*!40101 SET COLLATION_CONNECTION=@OLD_COLLATION_CONNECTION */;
